11/01/2002;1.600000
14/01/2002;1.600000
15/01/2002;1.700000
16/01/2002;1.900000
17/01/2002;1.900000
18/01/2002;1.950000
21/01/2002;1.950000
22/01/2002;1.950000
23/01/2002;1.950000
24/01/2002;1.950000
25/01/2002;1.950000
28/01/2002;2.070000
29/01/2002;2.050000
30/01/2002;2.050000
31/01/2002;2.050000
01/02/2002;2.050000
11/02/2002;1.950000
12/02/2002;1.850000
13/02/2002;1.700000
14/02/2002;1.800000
15/02/2002;1.800000
18/02/2002;2.000000
19/02/2002;2.100000
20/02/2002;2.100000
21/02/2002;2.000000
22/02/2002;2.100000
25/02/2002;2.100000
26/02/2002;2.100000
27/02/2002;2.150000
28/02/2002;2.150000
01/03/2002;2.100000
04/03/2002;2.050000
05/03/2002;2.050000
06/03/2002;2.150000
07/03/2002;2.200000
08/03/2002;2.250000
11/03/2002;2.350000
12/03/2002;2.400000
13/03/2002;2.370000
14/03/2002;2.370000
15/03/2002;2.310000
18/03/2002;2.380000
19/03/2002;2.420000
20/03/2002;2.480000
21/03/2002;2.380000
22/03/2002;2.950000
25/03/2002;3.150000
26/03/2002;2.900000
27/03/2002;3.000000
02/04/2002;2.950000
03/04/2002;2.950000
04/04/2002;2.680000
05/04/2002;2.750000
08/04/2002;2.750000
09/04/2002;2.800000
10/04/2002;2.800000
11/04/2002;2.850000
12/04/2002;2.900000
15/04/2002;2.950000
16/04/2002;2.800000
17/04/2002;2.870000
18/04/2002;3.100000
19/04/2002;3.150000
29/04/2002;2.950000
30/04/2002;2.980000
02/05/2002;3.100000
03/05/2002;3.200000
06/05/2002;3.200000
07/05/2002;3.200000
08/05/2002;3.200000
09/05/2002;3.190000
10/05/2002;3.250000
13/05/2002;3.250000
14/05/2002;3.250000
15/05/2002;3.250000
16/05/2002;3.250000
17/05/2002;3.400000
20/05/2002;3.550000
22/05/2002;3.450000
23/05/2002;3.400000
24/05/2002;3.450000
27/05/2002;3.500000
28/05/2002;3.500000
29/05/2002;3.600000
31/05/2002;3.600000
03/06/2002;3.620000
04/06/2002;3.620000
05/06/2002;3.650000
06/06/2002;3.650000
10/06/2002;3.500000
11/06/2002;3.500000
12/06/2002;3.500000
13/06/2002;3.500000
14/06/2002;3.570000
18/06/2002;3.550000
19/06/2002;3.560000
20/06/2002;3.610000
21/06/2002;3.730000
24/06/2002;3.790000
25/06/2002;3.900000
26/06/2002;3.850000
27/06/2002;3.800000
28/06/2002;3.800000
01/07/2002;3.790000
02/07/2002;3.650000
03/07/2002;3.590000
04/07/2002;3.570000
05/07/2002;3.600000
08/07/2002;3.550000
10/07/2002;3.560000
11/07/2002;3.590000
12/07/2002;3.600000
15/07/2002;3.600000
16/07/2002;3.570000
17/07/2002;3.570000
18/07/2002;3.560000
19/07/2002;3.580000
22/07/2002;3.620000
23/07/2002;3.670000
24/07/2002;3.640000
25/07/2002;3.650000
26/07/2002;3.660000
29/07/2002;3.660000
30/07/2002;3.680000
31/07/2002;3.700000
01/08/2002;3.610000
02/08/2002;3.630000
05/08/2002;3.640000
06/08/2002;3.630000
07/08/2002;3.640000
08/08/2002;3.650000
09/08/2002;3.640000
12/08/2002;3.620000
13/08/2002;3.630000
14/08/2002;3.640000
15/08/2002;3.640000
16/08/2002;3.640000
20/08/2002;3.630000
21/08/2002;3.590000
22/08/2002;3.590000
23/08/2002;3.620000
26/08/2002;3.630000
27/08/2002;3.620000
28/08/2002;3.610000
29/08/2002;3.620000
30/08/2002;3.630000
02/09/2002;3.630000
03/09/2002;3.640000
04/09/2002;3.650000
05/09/2002;3.630000
06/09/2002;3.630000
09/09/2002;3.630000
10/09/2002;3.630000
11/09/2002;3.620000
12/09/2002;3.620000
13/09/2002;3.630000
16/09/2002;3.650000
17/09/2002;3.630000
18/09/2002;3.650000
19/09/2002;3.670000
20/09/2002;3.660000
23/09/2002;3.670000
24/09/2002;3.650000
25/09/2002;3.670000
26/09/2002;3.630000
27/09/2002;3.750000
30/09/2002;3.750000
01/10/2002;3.740000
02/10/2002;3.750000
03/10/2002;3.750000
04/10/2002;3.750000
07/10/2002;3.750000
08/10/2002;3.740000
09/10/2002;3.720000
10/10/2002;3.700000
11/10/2002;3.700000
15/10/2002;3.660000
16/10/2002;3.600000
17/10/2002;3.600000
18/10/2002;3.700000
21/10/2002;3.630000
22/10/2002;3.620000
23/10/2002;3.610000
24/10/2002;3.610000
25/10/2002;3.620000
28/10/2002;3.600000
29/10/2002;3.580000
30/10/2002;3.550000
31/10/2002;3.520000
01/11/2002;3.520000
04/11/2002;3.570000
05/11/2002;3.540000
07/11/2002;3.570000
08/11/2002;3.560000
11/11/2002;3.560000
12/11/2002;3.530000
13/11/2002;3.530000
14/11/2002;3.560000
15/11/2002;3.540000
18/11/2002;3.530000
19/11/2002;3.520000
20/11/2002;3.520000
21/11/2002;3.510000
22/11/2002;3.500000
25/11/2002;3.500000
26/11/2002;3.480000
27/11/2002;3.500000
29/11/2002;3.640000
02/12/2002;3.580000
03/12/2002;3.540000
04/12/2002;3.530000
05/12/2002;3.530000
06/12/2002;3.530000
09/12/2002;3.530000
10/12/2002;3.520000
11/12/2002;3.510000
12/12/2002;3.500000
13/12/2002;3.520000
16/12/2002;3.540000
17/12/2002;3.540000
18/12/2002;3.500000
19/12/2002;3.470000
20/12/2002;3.490000
23/12/2002;3.470000
24/12/2002;3.470000
26/12/2002;3.400000
27/12/2002;3.400000
30/12/2002;3.380000
31/12/2002;3.370000
02/01/2003;3.350000
03/01/2003;3.340000
06/01/2003;3.330000
07/01/2003;3.280000
08/01/2003;3.300000
09/01/2003;3.340000
10/01/2003;3.350000
13/01/2003;3.330000
14/01/2003;3.250000
15/01/2003;3.230000
16/01/2003;3.260000
17/01/2003;3.220000
20/01/2003;3.190000
21/01/2003;3.100000
22/01/2003;3.100000
23/01/2003;3.140000
24/01/2003;3.140000
27/01/2003;3.320000
28/01/2003;3.320000
29/01/2003;3.310000
30/01/2003;3.250000
31/01/2003;3.210000
03/02/2003;3.180000
04/02/2003;3.170000
05/02/2003;3.160000
06/02/2003;3.160000
07/02/2003;3.150000
10/02/2003;3.130000
11/02/2003;3.110000
12/02/2003;3.110000
13/02/2003;3.140000
14/02/2003;3.180000
17/02/2003;3.160000
18/02/2003;3.170000
19/02/2003;3.190000
20/02/2003;3.210000
21/02/2003;3.210000
24/02/2003;3.170000
25/02/2003;3.160000
26/02/2003;3.170000
27/02/2003;3.190000
28/02/2003;3.190000
03/03/2003;3.210000
04/03/2003;3.180000
05/03/2003;3.170000
06/03/2003;3.180000
07/03/2003;3.160000
10/03/2003;3.140000
11/03/2003;3.130000
12/03/2003;3.110000
13/03/2003;3.120000
14/03/2003;3.120000
17/03/2003;3.100000
18/03/2003;3.060000
19/03/2003;3.010000
20/03/2003;3.030000
21/03/2003;3.020000
24/03/2003;2.990000
25/03/2003;2.940000
26/03/2003;2.900000
27/03/2003;2.880000
28/03/2003;2.980000
01/04/2003;2.960000
02/04/2003;2.900000
03/04/2003;2.900000
04/04/2003;2.900000
07/04/2003;2.900000
08/04/2003;2.920000
09/04/2003;2.920000
10/04/2003;2.890000
11/04/2003;2.900000
14/04/2003;2.930000
15/04/2003;2.950000
16/04/2003;2.930000
21/04/2003;2.890000
22/04/2003;2.850000
23/04/2003;2.840000
24/04/2003;2.860000
25/04/2003;2.860000
28/04/2003;2.860000
29/04/2003;2.850000
30/04/2003;2.820000
02/05/2003;2.790000
05/05/2003;2.800000
06/05/2003;2.800000
07/05/2003;2.790000
08/05/2003;2.762000
09/05/2003;2.780000
12/05/2003;2.770000
13/05/2003;2.770000
14/05/2003;2.800000
15/05/2003;2.840000
16/05/2003;2.940000
19/05/2003;2.920000
20/05/2003;2.880000
21/05/2003;2.841000
22/05/2003;2.875000
23/05/2003;2.900000
26/05/2003;2.870000
27/05/2003;2.870000
28/05/2003;2.880000
29/05/2003;2.880000
30/05/2003;2.850000
02/06/2003;2.850000
03/06/2003;2.830000
04/06/2003;2.822000
05/06/2003;2.830000
06/06/2003;2.820000
09/06/2003;2.815000
10/06/2003;2.810000
11/06/2003;2.822000
12/06/2003;2.836000
13/06/2003;2.820000
17/06/2003;2.800000
18/06/2003;2.795000
19/06/2003;2.800000
20/06/2003;2.805000
23/06/2003;2.790000
24/06/2003;2.770000
25/06/2003;2.770000
26/06/2003;2.790000
27/06/2003;2.817000
30/06/2003;2.800000
01/07/2003;2.800000
02/07/2003;2.800000
03/07/2003;2.795000
04/07/2003;2.795000
07/07/2003;2.785000
08/07/2003;2.775000
10/07/2003;2.763000
11/07/2003;2.760000
14/07/2003;2.770000
15/07/2003;2.770000
16/07/2003;2.780000
17/07/2003;2.790000
18/07/2003;2.800000
21/07/2003;2.800000
22/07/2003;2.780000
23/07/2003;2.780000
24/07/2003;2.810000
25/07/2003;2.820000
28/07/2003;2.835000
29/07/2003;2.845000
30/07/2003;2.905000
31/07/2003;2.920000
01/08/2003;2.940000
04/08/2003;2.955000
05/08/2003;2.935000
06/08/2003;2.925000
07/08/2003;2.930000
08/08/2003;2.928000
11/08/2003;2.915000
12/08/2003;2.900000
13/08/2003;2.885000
14/08/2003;2.895000
15/08/2003;2.895000
19/08/2003;2.893000
20/08/2003;2.915000
21/08/2003;2.950000
22/08/2003;2.950000
25/08/2003;2.925000
26/08/2003;2.940000
27/08/2003;2.960000
28/08/2003;2.950000
29/08/2003;2.956000
01/09/2003;2.960000
02/09/2003;2.980000
03/09/2003;2.980000
04/09/2003;2.956000
05/09/2003;2.930000
08/09/2003;2.940000
09/09/2003;2.940000
10/09/2003;2.933000
11/09/2003;2.900000
12/09/2003;2.900000
15/09/2003;2.890000
16/09/2003;2.894000
17/09/2003;2.910000
18/09/2003;2.910000
19/09/2003;2.910000
22/09/2003;2.905000
23/09/2003;2.900000
24/09/2003;2.890000
25/09/2003;2.895000
26/09/2003;2.905000
29/09/2003;2.910000
30/09/2003;2.915000
01/10/2003;2.905000
02/10/2003;2.904000
03/10/2003;2.885000
06/10/2003;2.863000
07/10/2003;2.873000
08/10/2003;2.857000
09/10/2003;2.838000
10/10/2003;2.838000
14/10/2003;2.837000
15/10/2003;2.840000
16/10/2003;2.841000
17/10/2003;2.845000
20/10/2003;2.855000
21/10/2003;2.850000
22/10/2003;2.850000
23/10/2003;2.846000
24/10/2003;2.840000
27/10/2003;2.840000
28/10/2003;2.850000
29/10/2003;2.855000
30/10/2003;2.870000
31/10/2003;2.865000
03/11/2003;2.855000
04/11/2003;2.855000
05/11/2003;2.855000
07/11/2003;2.847000
10/11/2003;2.850000
11/11/2003;2.860000
12/11/2003;2.855000
13/11/2003;2.865000
14/11/2003;2.870000
17/11/2003;2.865000
18/11/2003;2.865000
19/11/2003;2.875000
20/11/2003;2.880000
21/11/2003;2.890000
24/11/2003;2.897000
25/11/2003;2.920000
26/11/2003;2.980000
27/11/2003;2.965000
28/11/2003;2.990000
01/12/2003;2.980000
02/12/2003;2.975000
03/12/2003;2.970000
04/12/2003;2.970000
05/12/2003;2.965000
09/12/2003;2.940000
10/12/2003;2.940000
11/12/2003;2.950000
12/12/2003;2.957000
15/12/2003;2.961000
16/12/2003;2.967000
17/12/2003;2.962000
18/12/2003;2.969000
19/12/2003;2.966000
22/12/2003;2.960000
23/12/2003;2.957000
24/12/2003;2.960000
26/12/2003;2.950000
29/12/2003;2.942000
30/12/2003;2.935000
31/12/2003;2.930000
02/01/2004;2.920000
05/01/2004;2.880000
06/01/2004;2.865000
07/01/2004;2.887000
08/01/2004;2.892000
09/01/2004;2.890000
12/01/2004;2.845000
13/01/2004;2.865000
14/01/2004;2.875000
15/01/2004;2.865000
16/01/2004;2.881000
19/01/2004;2.885000
20/01/2004;2.893000
21/01/2004;2.910000
22/01/2004;2.895000
23/01/2004;2.910000
26/01/2004;2.910000
27/01/2004;2.912000
28/01/2004;2.920000
29/01/2004;2.952000
30/01/2004;2.928000
02/02/2004;2.925000
03/02/2004;2.934000
04/02/2004;2.943000
05/02/2004;2.955000
06/02/2004;2.955000
09/02/2004;2.935000
10/02/2004;2.935000
11/02/2004;2.940000
12/02/2004;2.929000
13/02/2004;2.920000
16/02/2004;2.918000
17/02/2004;2.927000
18/02/2004;2.936000
19/02/2004;2.935000
20/02/2004;2.930000
23/02/2004;2.923000
24/02/2004;2.917000
25/02/2004;2.924000
26/02/2004;2.928000
27/02/2004;2.923000
01/03/2004;2.920000
02/03/2004;2.920000
03/03/2004;2.910000
04/03/2004;2.924000
05/03/2004;2.929000
08/03/2004;2.932000
09/03/2004;2.908000
10/03/2004;2.920000
11/03/2004;2.913000
12/03/2004;2.915000
15/03/2004;2.906000
16/03/2004;2.898000
17/03/2004;2.886000
18/03/2004;2.887000
19/03/2004;2.875000
22/03/2004;2.866000
23/03/2004;2.873000
24/03/2004;2.877000
25/03/2004;2.876000
26/03/2004;2.880000
29/03/2004;2.871000
30/03/2004;2.860000
31/03/2004;2.860000
01/04/2004;2.844000
02/04/2004;2.850000
06/04/2004;2.825000
07/04/2004;2.803000
12/04/2004;2.810000
13/04/2004;2.815000
14/04/2004;2.812000
15/04/2004;2.818000
16/04/2004;2.820000
19/04/2004;2.827000
20/04/2004;2.837000
21/04/2004;2.853000
22/04/2004;2.867000
23/04/2004;2.855000
26/04/2004;2.832000
27/04/2004;2.837000
28/04/2004;2.852000
29/04/2004;2.858000
30/04/2004;2.840000
03/05/2004;2.850000
04/05/2004;2.860000
05/05/2004;2.866000
06/05/2004;2.892000
07/05/2004;2.920000
10/05/2004;2.918000
11/05/2004;2.907000
12/05/2004;2.925000
13/05/2004;2.923000
14/05/2004;2.905000
17/05/2004;2.910000
18/05/2004;2.907000
19/05/2004;2.907000
20/05/2004;2.950000
21/05/2004;2.953000
24/05/2004;2.965000
26/05/2004;2.962000
27/05/2004;2.970000
28/05/2004;2.967000
31/05/2004;2.960000
01/06/2004;2.960000
02/06/2004;2.941000
03/06/2004;2.968000
04/06/2004;2.968000
07/06/2004;2.971000
08/06/2004;2.963000
09/06/2004;2.960000
10/06/2004;2.966000
11/06/2004;2.969000
14/06/2004;2.963000
15/06/2004;2.952000
16/06/2004;2.955000
17/06/2004;2.960000
18/06/2004;2.968000
22/06/2004;2.960000
23/06/2004;2.943000
24/06/2004;2.947000
25/06/2004;2.955000
28/06/2004;2.965000
29/06/2004;2.966000
30/06/2004;2.958000
01/07/2004;2.952000
02/07/2004;2.950000
05/07/2004;2.942000
06/07/2004;2.940000
07/07/2004;2.947000
08/07/2004;2.958000
12/07/2004;2.954000
13/07/2004;2.948000
14/07/2004;2.944000
15/07/2004;2.944000
16/07/2004;2.943000
19/07/2004;2.948000
20/07/2004;2.949000
21/07/2004;2.953000
22/07/2004;2.958000
23/07/2004;2.967000
26/07/2004;2.977000
27/07/2004;2.974000
28/07/2004;2.975000
29/07/2004;2.976000
30/07/2004;2.980000
02/08/2004;2.987000
03/08/2004;2.997000
04/08/2004;3.026000
05/08/2004;3.060000
06/08/2004;3.060000
09/08/2004;3.030000
10/08/2004;3.017000
11/08/2004;3.025000
12/08/2004;3.012000
13/08/2004;3.015000
17/08/2004;3.012000
18/08/2004;3.012000
19/08/2004;3.008000
20/08/2004;3.009000
23/08/2004;3.009000
24/08/2004;2.992000
25/08/2004;2.991000
26/08/2004;3.009000
27/08/2004;3.008000
30/08/2004;3.007000
31/08/2004;2.997000
01/09/2004;3.003000
02/09/2004;3.002000
03/09/2004;2.997000
06/09/2004;2.992000
07/09/2004;2.994000
08/09/2004;3.000000
09/09/2004;3.002000
10/09/2004;3.011000
13/09/2004;2.997000
14/09/2004;2.988000
15/09/2004;2.978000
16/09/2004;2.990000
17/09/2004;2.990000
20/09/2004;2.996000
21/09/2004;3.004000
22/09/2004;2.995000
23/09/2004;2.994000
24/09/2004;2.996000
27/09/2004;2.994000
28/09/2004;2.988000
29/09/2004;2.984000
30/09/2004;2.981000
01/10/2004;2.980000
04/10/2004;2.968000
05/10/2004;2.974000
06/10/2004;2.971000
07/10/2004;2.974000
08/10/2004;2.968000
12/10/2004;2.969000
13/10/2004;2.972000
14/10/2004;2.975000
15/10/2004;2.965000
18/10/2004;2.955000
19/10/2004;2.962000
20/10/2004;2.960000
21/10/2004;2.958000
22/10/2004;2.962000
25/10/2004;2.968000
26/10/2004;2.973000
27/10/2004;2.972000
28/10/2004;2.980000
29/10/2004;2.970000
01/11/2004;2.969000
02/11/2004;2.957000
03/11/2004;2.959000
04/11/2004;2.961000
05/11/2004;2.962000
08/11/2004;2.974000
09/11/2004;2.969000
10/11/2004;2.970000
11/11/2004;2.967000
12/11/2004;2.960000
15/11/2004;2.953000
16/11/2004;2.952000
17/11/2004;2.934000
18/11/2004;2.940000
19/11/2004;2.945000
22/11/2004;2.950000
23/11/2004;2.940000
24/11/2004;2.942000
25/11/2004;2.943000
26/11/2004;2.941000
29/11/2004;2.951000
30/11/2004;2.945000
01/12/2004;2.944000
02/12/2004;2.960000
03/12/2004;2.977000
06/12/2004;2.985000
07/12/2004;2.978000
09/12/2004;2.976000
10/12/2004;2.978000
13/12/2004;2.974000
14/12/2004;2.980000
15/12/2004;2.976000
16/12/2004;2.989000
17/12/2004;2.979000
20/12/2004;2.964000
21/12/2004;2.967000
22/12/2004;2.964000
23/12/2004;2.954000
24/12/2004;2.953000
27/12/2004;2.961000
28/12/2004;2.975000
29/12/2004;2.979000
30/12/2004;2.975000
31/12/2004;2.979000
03/01/2005;2.968000
04/01/2005;2.962000
05/01/2005;2.970000
06/01/2005;2.966000
07/01/2005;2.970000
10/01/2005;2.968000
11/01/2005;2.961000
12/01/2005;2.945000
13/01/2005;2.935000
14/01/2005;2.938000
17/01/2005;2.930000
18/01/2005;2.937000
19/01/2005;2.943000
20/01/2005;2.945000
21/01/2005;2.943000
24/01/2005;2.933000
25/01/2005;2.922000
26/01/2005;2.922000
27/01/2005;2.926000
28/01/2005;2.927000
31/01/2005;2.924000
01/02/2005;2.925000
02/02/2005;2.925000
03/02/2005;2.922000
04/02/2005;2.920000
07/02/2005;2.919000
08/02/2005;2.914000
09/02/2005;2.909000
10/02/2005;2.914000
11/02/2005;2.911000
14/02/2005;2.907000
15/02/2005;2.904000
16/02/2005;2.894000
17/02/2005;2.905000
18/02/2005;2.917000
21/02/2005;2.913000
22/02/2005;2.923000
23/02/2005;2.935000
24/02/2005;2.936000
25/02/2005;2.938000
28/02/2005;2.938000
01/03/2005;2.948000
02/03/2005;2.957000
03/03/2005;2.952000
04/03/2005;2.937000
07/03/2005;2.930000
08/03/2005;2.931000
09/03/2005;2.932000
10/03/2005;2.933000
11/03/2005;2.917000
14/03/2005;2.920000
15/03/2005;2.919000
16/03/2005;2.920000
17/03/2005;2.918000
18/03/2005;2.917000
21/03/2005;2.917000
22/03/2005;2.911000
23/03/2005;2.914000
28/03/2005;2.922000
29/03/2005;2.921000
30/03/2005;2.920000
31/03/2005;2.917000
01/04/2005;2.919000
04/04/2005;2.919000
05/04/2005;2.913000
06/04/2005;2.903000
07/04/2005;2.892000
08/04/2005;2.896000
11/04/2005;2.890000
12/04/2005;2.890000
13/04/2005;2.879000
14/04/2005;2.890000
15/04/2005;2.900000
18/04/2005;2.902000
19/04/2005;2.902000
20/04/2005;2.900000
21/04/2005;2.903000
22/04/2005;2.900000
25/04/2005;2.901000
26/04/2005;2.897000
27/04/2005;2.900000
28/04/2005;2.909000
29/04/2005;2.910000
02/05/2005;2.900000
03/05/2005;2.897000
04/05/2005;2.896000
05/05/2005;2.897000
06/05/2005;2.899000
09/05/2005;2.895000
10/05/2005;2.893000
11/05/2005;2.896000
12/05/2005;2.894000
13/05/2005;2.895000
16/05/2005;2.884000
17/05/2005;2.886000
18/05/2005;2.886000
19/05/2005;2.885000
20/05/2005;2.887000
23/05/2005;2.886000
24/05/2005;2.886000
26/05/2005;2.885000
27/05/2005;2.885000
30/05/2005;2.884000
31/05/2005;2.883000
01/06/2005;2.886000
02/06/2005;2.885000
03/06/2005;2.894000
06/06/2005;2.895000
07/06/2005;2.894000
08/06/2005;2.896000
09/06/2005;2.895000
10/06/2005;2.892000
13/06/2005;2.880000
14/06/2005;2.873000
15/06/2005;2.877000
16/06/2005;2.874000
17/06/2005;2.872000
21/06/2005;2.869000
22/06/2005;2.866000
23/06/2005;2.872000
24/06/2005;2.880000
27/06/2005;2.889000
28/06/2005;2.894000
29/06/2005;2.895000
30/06/2005;2.887000
01/07/2005;2.886000
04/07/2005;2.885000
05/07/2005;2.886000
06/07/2005;2.881000
07/07/2005;2.878000
08/07/2005;2.869000
11/07/2005;2.868000
12/07/2005;2.873000
13/07/2005;2.869000
14/07/2005;2.864000
15/07/2005;2.863000
18/07/2005;2.864000
19/07/2005;2.862000
20/07/2005;2.862000
21/07/2005;2.861000
22/07/2005;2.863000
25/07/2005;2.862000
26/07/2005;2.862000
27/07/2005;2.865000
28/07/2005;2.863000
29/07/2005;2.861000
01/08/2005;2.860000
02/08/2005;2.859000
03/08/2005;2.860000
04/08/2005;2.863000
05/08/2005;2.865000
08/08/2005;2.869000
09/08/2005;2.873000
10/08/2005;2.875000
11/08/2005;2.877000
12/08/2005;2.883000
16/08/2005;2.888000
17/08/2005;2.893000
18/08/2005;2.897000
19/08/2005;2.907000
22/08/2005;2.907000
23/08/2005;2.908000
24/08/2005;2.907000
25/08/2005;2.907000
26/08/2005;2.909000
29/08/2005;2.913000
30/08/2005;2.912000
31/08/2005;2.911000
01/09/2005;2.910000
02/09/2005;2.910000
05/09/2005;2.907000
06/09/2005;2.907000
07/09/2005;2.905000
08/09/2005;2.904000
09/09/2005;2.911000
12/09/2005;2.917000
13/09/2005;2.919000
14/09/2005;2.919000
15/09/2005;2.914000
16/09/2005;2.911000
19/09/2005;2.911000
20/09/2005;2.914000
21/09/2005;2.914000
22/09/2005;2.912000
23/09/2005;2.910000
26/09/2005;2.910000
27/09/2005;2.910000
28/09/2005;2.915000
29/09/2005;2.915000
30/09/2005;2.910000
03/10/2005;2.909000
04/10/2005;2.914000
05/10/2005;2.923000
06/10/2005;2.935000
07/10/2005;2.937000
11/10/2005;2.954000
12/10/2005;2.965000
13/10/2005;2.984000
14/10/2005;2.971000
17/10/2005;2.969000
18/10/2005;2.969000
19/10/2005;2.973000
20/10/2005;2.982000
21/10/2005;2.982000
24/10/2005;2.978000
25/10/2005;2.988000
26/10/2005;2.999000
27/10/2005;3.018000
28/10/2005;3.015000
31/10/2005;3.002000
01/11/2005;2.992000
02/11/2005;2.986000
03/11/2005;2.982000
04/11/2005;2.982000
07/11/2005;2.973000
08/11/2005;2.963000
09/11/2005;2.969000
10/11/2005;2.970000
11/11/2005;2.967000
14/11/2005;2.965000
15/11/2005;2.952000
16/11/2005;2.950000
17/11/2005;2.943000
18/11/2005;2.943000
21/11/2005;2.939000
22/11/2005;2.945000
23/11/2005;2.950000
24/11/2005;2.956000
25/11/2005;2.971000
28/11/2005;2.990000
29/11/2005;2.976000
30/11/2005;2.966000
01/12/2005;2.978000
02/12/2005;2.981000
05/12/2005;3.005000
06/12/2005;2.997000
07/12/2005;2.992000
09/12/2005;3.009000
12/12/2005;3.014000
13/12/2005;3.004000
14/12/2005;2.998000
15/12/2005;3.015000
16/12/2005;3.035000
19/12/2005;3.025000
20/12/2005;3.034000
21/12/2005;3.033000
22/12/2005;3.023000
23/12/2005;3.023000
26/12/2005;3.018000
27/12/2005;3.035000
28/12/2005;3.040000
29/12/2005;3.030000
30/12/2005;3.032000
02/01/2006;3.030000
03/01/2006;3.038000
04/01/2006;3.039000
05/01/2006;3.050000
06/01/2006;3.060000
09/01/2006;3.064000
10/01/2006;3.057000
11/01/2006;3.051000
12/01/2006;3.039000
13/01/2006;3.035000
16/01/2006;3.035000
17/01/2006;3.046000
18/01/2006;3.049000
19/01/2006;3.046000
20/01/2006;3.038000
23/01/2006;3.038000
24/01/2006;3.037000
25/01/2006;3.050000
26/01/2006;3.057000
27/01/2006;3.057000
30/01/2006;3.061000
31/01/2006;3.066000
01/02/2006;3.068000
02/02/2006;3.069000
03/02/2006;3.067000
06/02/2006;3.069000
07/02/2006;3.074000
08/02/2006;3.072000
09/02/2006;3.066000
10/02/2006;3.067000
13/02/2006;3.069000
14/02/2006;3.071000
15/02/2006;3.071000
16/02/2006;3.067000
17/02/2006;3.068000
20/02/2006;3.066000
21/02/2006;3.070000
22/02/2006;3.073000
23/02/2006;3.074000
24/02/2006;3.075000
27/02/2006;3.075000
28/02/2006;3.074000
01/03/2006;3.068000
02/03/2006;3.067000
03/03/2006;3.073000
06/03/2006;3.077000
07/03/2006;3.080000
08/03/2006;3.083000
09/03/2006;3.083000
10/03/2006;3.082000
13/03/2006;3.080000
14/03/2006;3.076000
15/03/2006;3.072000
16/03/2006;3.073000
17/03/2006;3.073000
20/03/2006;3.074000
21/03/2006;3.074000
22/03/2006;3.075000
23/03/2006;3.079000
27/03/2006;3.083000
28/03/2006;3.082000
29/03/2006;3.080000
30/03/2006;3.081000
31/03/2006;3.082000
03/04/2006;3.085000
04/04/2006;3.083000
05/04/2006;3.080000
06/04/2006;3.079000
07/04/2006;3.081000
10/04/2006;3.081000
11/04/2006;3.077000
12/04/2006;3.078000
17/04/2006;3.076000
18/04/2006;3.070000
19/04/2006;3.068000
20/04/2006;3.059000
21/04/2006;3.059000
24/04/2006;3.047000
25/04/2006;3.041000
26/04/2006;3.039000
27/04/2006;3.044000
28/04/2006;3.048000
02/05/2006;3.045000
03/05/2006;3.042000
04/05/2006;3.041000
05/05/2006;3.041000
08/05/2006;3.040000
09/05/2006;3.041000
10/05/2006;3.040000
11/05/2006;3.034000
12/05/2006;3.036000
15/05/2006;3.041000
16/05/2006;3.042000
17/05/2006;3.048000
18/05/2006;3.054000
19/05/2006;3.056000
22/05/2006;3.072000
23/05/2006;3.072000
24/05/2006;3.082000
26/05/2006;3.079000
29/05/2006;3.077000
30/05/2006;3.088000
31/05/2006;3.085000
01/06/2006;3.080000
02/06/2006;3.079000
05/06/2006;3.080000
06/06/2006;3.083000
07/06/2006;3.082000
08/06/2006;3.083000
09/06/2006;3.082000
12/06/2006;3.081000
13/06/2006;3.083000
14/06/2006;3.079000
15/06/2006;3.080000
16/06/2006;3.079000
20/06/2006;3.078000
21/06/2006;3.075000
22/06/2006;3.078000
23/06/2006;3.081000
26/06/2006;3.086000
27/06/2006;3.090000
28/06/2006;3.088000
29/06/2006;3.088000
30/06/2006;3.086000
03/07/2006;3.085000
04/07/2006;3.085000
05/07/2006;3.087000
06/07/2006;3.086000
07/07/2006;3.086000
10/07/2006;3.086000
11/07/2006;3.084000
12/07/2006;3.083000
13/07/2006;3.084000
14/07/2006;3.083000
17/07/2006;3.082000
18/07/2006;3.082000
19/07/2006;3.079000
20/07/2006;3.082000
21/07/2006;3.082000
24/07/2006;3.080000
25/07/2006;3.078000
26/07/2006;3.074000
27/07/2006;3.077000
28/07/2006;3.077000
31/07/2006;3.072000
01/08/2006;3.071000
02/08/2006;3.071000
03/08/2006;3.070000
04/08/2006;3.069000
07/08/2006;3.072000
08/08/2006;3.072000
09/08/2006;3.069000
10/08/2006;3.069000
11/08/2006;3.071000
14/08/2006;3.075000
15/08/2006;3.080000
16/08/2006;3.074000
17/08/2006;3.080000
18/08/2006;3.082000
22/08/2006;3.082000
23/08/2006;3.086000
24/08/2006;3.087000
25/08/2006;3.092000
28/08/2006;3.097000
29/08/2006;3.095000
30/08/2006;3.097000
31/08/2006;3.097000
01/09/2006;3.096000
04/09/2006;3.094000
05/09/2006;3.098000
06/09/2006;3.103000
07/09/2006;3.099000
08/09/2006;3.101000
11/09/2006;3.103000
12/09/2006;3.107000
13/09/2006;3.103000
14/09/2006;3.100000
15/09/2006;3.098000
18/09/2006;3.098000
19/09/2006;3.097000
20/09/2006;3.098000
21/09/2006;3.099000
22/09/2006;3.099000
25/09/2006;3.100000
26/09/2006;3.102000
27/09/2006;3.102000
28/09/2006;3.104000
29/09/2006;3.104000
02/10/2006;3.103000
03/10/2006;3.104000
04/10/2006;3.105000
05/10/2006;3.105000
06/10/2006;3.106000
09/10/2006;3.106000
10/10/2006;3.107000
11/10/2006;3.106000
12/10/2006;3.104000
13/10/2006;3.103000
17/10/2006;3.100000
18/10/2006;3.091000
19/10/2006;3.089000
20/10/2006;3.090000
23/10/2006;3.090000
24/10/2006;3.090000
25/10/2006;3.093000
26/10/2006;3.089000
27/10/2006;3.094000
30/10/2006;3.094000
31/10/2006;3.089000
01/11/2006;3.087000
02/11/2006;3.083000
03/11/2006;3.083000
07/11/2006;3.077000
08/11/2006;3.069000
09/11/2006;3.068000
10/11/2006;3.068000
13/11/2006;3.076000
14/11/2006;3.072000
15/11/2006;3.068000
16/11/2006;3.069000
17/11/2006;3.074000
20/11/2006;3.076000
21/11/2006;3.080000
22/11/2006;3.073000
23/11/2006;3.071000
24/11/2006;3.075000
27/11/2006;3.078000
28/11/2006;3.078000
29/11/2006;3.074000
30/11/2006;3.068000
01/12/2006;3.062000
04/12/2006;3.060000
05/12/2006;3.055000
06/12/2006;3.057000
07/12/2006;3.058000
11/12/2006;3.060000
12/12/2006;3.054000
13/12/2006;3.056000
14/12/2006;3.058000
15/12/2006;3.057000
18/12/2006;3.057000
19/12/2006;3.058000
20/12/2006;3.052000
21/12/2006;3.048000
22/12/2006;3.060000
26/12/2006;3.070000
27/12/2006;3.076000
28/12/2006;3.072000
29/12/2006;3.062000
02/01/2007;3.058000
03/01/2007;3.059000
04/01/2007;3.072000
05/01/2007;3.078000
08/01/2007;3.078000
09/01/2007;3.083000
10/01/2007;3.081000
11/01/2007;3.080000
12/01/2007;3.081000
15/01/2007;3.079000
16/01/2007;3.080000
17/01/2007;3.079000
18/01/2007;3.082000
19/01/2007;3.086000
22/01/2007;3.096000
23/01/2007;3.098000
24/01/2007;3.096000
25/01/2007;3.098000
26/01/2007;3.106000
29/01/2007;3.108000
30/01/2007;3.107000
31/01/2007;3.107000
01/02/2007;3.103000
02/02/2007;3.099000
05/02/2007;3.103000
06/02/2007;3.102000
07/02/2007;3.102000
08/02/2007;3.105000
09/02/2007;3.106000
12/02/2007;3.104000
13/02/2007;3.102000
14/02/2007;3.098000
15/02/2007;3.100000
16/02/2007;3.105000
19/02/2007;3.103000
20/02/2007;3.104000
21/02/2007;3.106000
22/02/2007;3.104000
23/02/2007;3.104000
26/02/2007;3.103000
27/02/2007;3.101000
28/02/2007;3.100000
01/03/2007;3.097000
02/03/2007;3.085000
05/03/2007;3.102000
06/03/2007;3.103000
07/03/2007;3.104000
08/03/2007;3.105000
09/03/2007;3.106000
12/03/2007;3.103000
13/03/2007;3.101000
14/03/2007;3.098000
15/03/2007;3.098000
16/03/2007;3.101000
19/03/2007;3.100000
20/03/2007;3.099000
21/03/2007;3.100000
22/03/2007;3.099000
23/03/2007;3.102000
26/03/2007;3.104000
27/03/2007;3.106000
28/03/2007;3.104000
29/03/2007;3.102000
30/03/2007;3.100000
03/04/2007;3.101000
04/04/2007;3.100000
09/04/2007;3.097000
10/04/2007;3.094000
11/04/2007;3.091000
12/04/2007;3.085000
13/04/2007;3.090000
16/04/2007;3.087000
17/04/2007;3.083000
18/04/2007;3.085000
19/04/2007;3.088000
20/04/2007;3.088000
23/04/2007;3.083000
24/04/2007;3.083000
25/04/2007;3.086000
26/04/2007;3.088000
27/04/2007;3.090000
30/04/2007;3.090000
02/05/2007;3.085000
03/05/2007;3.084000
04/05/2007;3.083000
07/05/2007;3.080000
08/05/2007;3.080000
09/05/2007;3.079000
10/05/2007;3.081000
11/05/2007;3.080000
14/05/2007;3.078000
15/05/2007;3.076000
16/05/2007;3.077000
17/05/2007;3.075000
18/05/2007;3.078000
21/05/2007;3.075000
22/05/2007;3.078000
23/05/2007;3.083000
24/05/2007;3.084000
28/05/2007;3.083000
29/05/2007;3.081000
30/05/2007;3.080000
31/05/2007;3.077000
01/06/2007;3.074000
04/06/2007;3.072000
05/06/2007;3.077000
06/06/2007;3.076000
07/06/2007;3.077000
08/06/2007;3.076000
11/06/2007;3.075000
12/06/2007;3.074000
13/06/2007;3.074000
14/06/2007;3.072000
15/06/2007;3.077000
19/06/2007;3.074000
20/06/2007;3.079000
21/06/2007;3.082000
22/06/2007;3.082000
25/06/2007;3.084000
26/06/2007;3.088000
27/06/2007;3.091000
28/06/2007;3.090000
29/06/2007;3.093000
02/07/2007;3.091000
03/07/2007;3.091000
04/07/2007;3.092000
05/07/2007;3.103000
06/07/2007;3.105000
10/07/2007;3.103000
11/07/2007;3.101000
12/07/2007;3.100000
13/07/2007;3.100000
16/07/2007;3.101000
17/07/2007;3.101000
18/07/2007;3.104000
19/07/2007;3.104000
20/07/2007;3.120000
23/07/2007;3.126000
24/07/2007;3.160000
25/07/2007;3.180000
26/07/2007;3.138000
27/07/2007;3.118000
30/07/2007;3.124000
31/07/2007;3.121000
01/08/2007;3.133000
02/08/2007;3.138000
03/08/2007;3.140000
06/08/2007;3.140000
07/08/2007;3.141000
08/08/2007;3.133000
09/08/2007;3.143000
10/08/2007;3.148000
13/08/2007;3.144000
14/08/2007;3.147000
15/08/2007;3.152000
16/08/2007;3.160000
17/08/2007;3.156000
21/08/2007;3.160000
22/08/2007;3.168000
23/08/2007;3.178000
24/08/2007;3.170000
27/08/2007;3.170000
28/08/2007;3.164000
29/08/2007;3.165000
30/08/2007;3.158000
31/08/2007;3.156000
03/09/2007;3.162000
04/09/2007;3.165000
05/09/2007;3.164000
06/09/2007;3.164000
07/09/2007;3.162000
10/09/2007;3.159000
11/09/2007;3.147000
12/09/2007;3.137000
13/09/2007;3.131000
14/09/2007;3.137000
17/09/2007;3.135000
18/09/2007;3.136000
19/09/2007;3.131000
20/09/2007;3.138000
21/09/2007;3.145000
24/09/2007;3.145000
25/09/2007;3.147000
26/09/2007;3.148000
27/09/2007;3.150000
28/09/2007;3.150000
01/10/2007;3.149000
02/10/2007;3.148000
03/10/2007;3.151000
04/10/2007;3.155000
05/10/2007;3.156000
08/10/2007;3.159000
09/10/2007;3.163000
10/10/2007;3.156000
11/10/2007;3.156000
12/10/2007;3.157000
16/10/2007;3.160000
17/10/2007;3.161000
18/10/2007;3.162000
19/10/2007;3.163000
22/10/2007;3.169000
23/10/2007;3.173000
24/10/2007;3.179000
25/10/2007;3.179000
26/10/2007;3.171000
29/10/2007;3.157000
30/10/2007;3.148000
31/10/2007;3.142000
01/11/2007;3.132000
02/11/2007;3.129000
05/11/2007;3.133000
07/11/2007;3.126000
08/11/2007;3.130000
09/11/2007;3.129000
12/11/2007;3.132000
13/11/2007;3.135000
14/11/2007;3.128000
15/11/2007;3.124000
16/11/2007;3.132000
19/11/2007;3.130000
20/11/2007;3.132000
21/11/2007;3.139000
22/11/2007;3.141000
23/11/2007;3.143000
26/11/2007;3.143000
27/11/2007;3.150000
28/11/2007;3.149000
29/11/2007;3.148000
30/11/2007;3.145000
03/12/2007;3.139000
04/12/2007;3.136000
05/12/2007;3.132000
06/12/2007;3.134000
07/12/2007;3.138000
10/12/2007;3.138000
11/12/2007;3.139000
12/12/2007;3.139000
13/12/2007;3.142000
14/12/2007;3.142000
17/12/2007;3.140000
18/12/2007;3.137000
19/12/2007;3.132000
20/12/2007;3.136000
21/12/2007;3.141000
26/12/2007;3.144000
27/12/2007;3.149000
28/12/2007;3.149000
31/12/2007;3.149000
02/01/2008;3.145000
03/01/2008;3.141000
04/01/2008;3.140000
07/01/2008;3.136000
08/01/2008;3.130000
09/01/2008;3.129000
10/01/2008;3.129000
11/01/2008;3.128000
14/01/2008;3.137000
15/01/2008;3.141000
16/01/2008;3.146000
17/01/2008;3.150000
18/01/2008;3.152000
21/01/2008;3.158000
22/01/2008;3.157000
23/01/2008;3.158000
24/01/2008;3.153000
25/01/2008;3.150000
28/01/2008;3.151000
29/01/2008;3.152000
30/01/2008;3.156000
31/01/2008;3.158000
01/02/2008;3.154000
04/02/2008;3.158000
05/02/2008;3.164000
06/02/2008;3.169000
07/02/2008;3.169000
08/02/2008;3.169000
11/02/2008;3.168000
12/02/2008;3.162000
13/02/2008;3.156000
14/02/2008;3.156000
15/02/2008;3.153000
18/02/2008;3.153000
19/02/2008;3.154000
20/02/2008;3.151000
21/02/2008;3.151000
22/02/2008;3.157000
25/02/2008;3.158000
26/02/2008;3.159000
27/02/2008;3.158000
28/02/2008;3.157000
29/02/2008;3.161000
03/03/2008;3.159000
04/03/2008;3.153000
05/03/2008;3.152000
06/03/2008;3.154000
07/03/2008;3.156000
10/03/2008;3.158000
11/03/2008;3.152000
12/03/2008;3.152000
13/03/2008;3.148000
14/03/2008;3.146000
17/03/2008;3.148000
18/03/2008;3.147000
19/03/2008;3.157000
25/03/2008;3.162000
26/03/2008;3.169000
27/03/2008;3.165000
28/03/2008;3.162000
31/03/2008;3.168000
01/04/2008;3.170000
03/04/2008;3.164000
04/04/2008;3.163000
07/04/2008;3.159000
08/04/2008;3.159000
09/04/2008;3.159000
10/04/2008;3.156000
11/04/2008;3.153000
14/04/2008;3.154000
15/04/2008;3.161000
16/04/2008;3.166000
17/04/2008;3.172000
18/04/2008;3.170000
21/04/2008;3.180000
22/04/2008;3.182000
23/04/2008;3.181000
24/04/2008;3.184000
25/04/2008;3.174000
28/04/2008;3.172000
29/04/2008;3.167000
30/04/2008;3.164000
02/05/2008;3.172000
05/05/2008;3.174000
06/05/2008;3.177000
07/05/2008;3.184000
08/05/2008;3.177000
09/05/2008;3.177000
12/05/2008;3.177000
13/05/2008;3.165000
14/05/2008;3.163000
15/05/2008;3.161000
16/05/2008;3.146000
19/05/2008;3.149000
20/05/2008;3.140000
21/05/2008;3.133000
22/05/2008;3.134000
23/05/2008;3.134000
26/05/2008;3.142000
27/05/2008;3.128000
28/05/2008;3.116000
29/05/2008;3.111000
30/05/2008;3.099000
02/06/2008;3.087000
03/06/2008;3.068000
04/06/2008;3.074000
05/06/2008;3.061000
06/06/2008;3.068000
09/06/2008;3.064000
10/06/2008;3.065000
11/06/2008;3.061000
12/06/2008;3.053000
13/06/2008;3.040000
17/06/2008;3.035000
18/06/2008;3.035000
19/06/2008;3.036000
20/06/2008;3.034000
23/06/2008;3.019000
24/06/2008;3.016000
25/06/2008;3.018000
26/06/2008;3.027000
27/06/2008;3.026000
30/06/2008;3.025000
01/07/2008;3.022000
02/07/2008;3.020000
03/07/2008;3.028000
04/07/2008;3.026000
07/07/2008;3.017000
08/07/2008;3.014000
10/07/2008;3.018000
11/07/2008;3.022000
14/07/2008;3.024000
15/07/2008;3.024000
16/07/2008;3.028000
17/07/2008;3.023000
18/07/2008;3.023000
21/07/2008;3.024000
22/07/2008;3.023000
23/07/2008;3.018000
24/07/2008;3.017000
25/07/2008;3.018000
28/07/2008;3.020000
29/07/2008;3.025000
30/07/2008;3.026000
31/07/2008;3.044000
01/08/2008;3.042000
04/08/2008;3.038000
05/08/2008;3.042000
06/08/2008;3.044000
07/08/2008;3.047000
08/08/2008;3.052000
11/08/2008;3.033000
12/08/2008;3.036000
13/08/2008;3.030000
14/08/2008;3.029000
15/08/2008;3.030000
19/08/2008;3.028000
20/08/2008;3.028000
21/08/2008;3.025000
22/08/2008;3.025000
25/08/2008;3.026000
26/08/2008;3.026000
27/08/2008;3.027000
28/08/2008;3.027000
29/08/2008;3.030000
01/09/2008;3.028000
02/09/2008;3.038000
03/09/2008;3.037000
04/09/2008;3.038000
05/09/2008;3.040000
08/09/2008;3.050000
09/09/2008;3.057000
10/09/2008;3.074000
11/09/2008;3.080000
12/09/2008;3.082000
15/09/2008;3.087000
16/09/2008;3.095000
17/09/2008;3.105000
18/09/2008;3.119000
19/09/2008;3.115000
22/09/2008;3.100000
23/09/2008;3.099000
24/09/2008;3.106000
25/09/2008;3.113000
26/09/2008;3.116000
29/09/2008;3.118000
30/09/2008;3.135000
01/10/2008;3.134000
02/10/2008;3.144000
03/10/2008;3.162000
06/10/2008;3.197000
07/10/2008;3.215000
08/10/2008;3.223000
09/10/2008;3.231000
10/10/2008;3.224000
14/10/2008;3.192000
15/10/2008;3.198000
16/10/2008;3.205000
17/10/2008;3.212000
20/10/2008;3.222000
21/10/2008;3.211000
22/10/2008;3.223000
23/10/2008;3.255000
24/10/2008;3.278000
27/10/2008;3.300000
28/10/2008;3.368000
29/10/2008;3.370000
30/10/2008;3.385000
31/10/2008;3.388000
03/11/2008;3.387000
04/11/2008;3.285000
05/11/2008;3.310000
07/11/2008;3.307000
10/11/2008;3.300000
11/11/2008;3.300000
12/11/2008;3.305000
13/11/2008;3.310000
14/11/2008;3.314000
17/11/2008;3.316000
18/11/2008;3.321000
19/11/2008;3.327000
20/11/2008;3.329000
21/11/2008;3.333000
24/11/2008;3.336000
25/11/2008;3.340000
26/11/2008;3.348000
27/11/2008;3.360000
28/11/2008;3.373000
01/12/2008;3.383000
02/12/2008;3.396000
03/12/2008;3.409000
04/12/2008;3.443000
05/12/2008;3.468000
09/12/2008;3.435000
10/12/2008;3.415000
11/12/2008;3.410000
12/12/2008;3.423000
15/12/2008;3.420000
16/12/2008;3.402000
17/12/2008;3.402000
18/12/2008;3.405000
19/12/2008;3.416000
22/12/2008;3.425000
23/12/2008;3.434000
24/12/2008;3.435000
26/12/2008;3.440000
29/12/2008;3.445000
30/12/2008;3.452000
31/12/2008;3.453000
02/01/2009;3.458000
05/01/2009;3.451000
06/01/2009;3.453000
07/01/2009;3.455000
08/01/2009;3.450000
09/01/2009;3.449000
12/01/2009;3.449000
13/01/2009;3.451000
14/01/2009;3.451000
15/01/2009;3.453000
16/01/2009;3.456000
19/01/2009;3.456000
20/01/2009;3.460000
21/01/2009;3.470000
22/01/2009;3.475000
23/01/2009;3.479000
26/01/2009;3.481000
27/01/2009;3.484000
28/01/2009;3.488000
29/01/2009;3.485000
30/01/2009;3.488000
02/02/2009;3.491000
03/02/2009;3.500000
04/02/2009;3.487000
05/02/2009;3.486000
06/02/2009;3.486000
09/02/2009;3.487000
10/02/2009;3.484000
11/02/2009;3.490000
12/02/2009;3.491000
13/02/2009;3.496000
16/02/2009;3.497000
17/02/2009;3.504000
18/02/2009;3.510000
19/02/2009;3.534000
20/02/2009;3.538000
23/02/2009;3.548000
24/02/2009;3.554000
25/02/2009;3.555000
26/02/2009;3.558000
27/02/2009;3.567000
02/03/2009;3.601000
03/03/2009;3.611000
04/03/2009;3.618000
05/03/2009;3.622000
06/03/2009;3.631000
09/03/2009;3.637000
10/03/2009;3.637000
11/03/2009;3.642000
12/03/2009;3.646000
13/03/2009;3.650000
16/03/2009;3.643000
17/03/2009;3.648000
18/03/2009;3.656000
19/03/2009;3.649000
20/03/2009;3.657000
23/03/2009;3.689000
25/03/2009;3.688000
26/03/2009;3.694000
27/03/2009;3.716000
30/03/2009;3.717000
31/03/2009;3.720000
01/04/2009;3.712000
03/04/2009;3.694000
06/04/2009;3.674000
07/04/2009;3.674000
08/04/2009;3.677000
13/04/2009;3.680000
14/04/2009;3.678000
15/04/2009;3.677000
16/04/2009;3.679000
17/04/2009;3.684000
20/04/2009;3.689000
21/04/2009;3.692000
22/04/2009;3.696000
23/04/2009;3.697000
24/04/2009;3.697000
27/04/2009;3.704000
28/04/2009;3.716000
29/04/2009;3.721000
30/04/2009;3.714000
04/05/2009;3.695000
05/05/2009;3.699000
06/05/2009;3.711000
07/05/2009;3.721000
08/05/2009;3.721000
11/05/2009;3.720000
12/05/2009;3.721000
13/05/2009;3.725000
14/05/2009;3.727000
15/05/2009;3.728000
18/05/2009;3.727000
19/05/2009;3.728000
20/05/2009;3.732000
21/05/2009;3.736000
22/05/2009;3.737000
26/05/2009;3.739000
27/05/2009;3.737000
28/05/2009;3.744000
29/05/2009;3.749000
01/06/2009;3.745000
02/06/2009;3.743000
03/06/2009;3.744000
04/06/2009;3.743000
05/06/2009;3.757000
08/06/2009;3.759000
09/06/2009;3.760000
10/06/2009;3.760000
11/06/2009;3.760000
12/06/2009;3.764000
16/06/2009;3.766000
17/06/2009;3.767000
18/06/2009;3.768000
19/06/2009;3.775000
22/06/2009;3.781000
23/06/2009;3.793000
24/06/2009;3.792000
25/06/2009;3.795000
26/06/2009;3.798000
29/06/2009;3.790000
30/06/2009;3.797000
01/07/2009;3.799000
02/07/2009;3.801000
03/07/2009;3.803000
06/07/2009;3.803000
07/07/2009;3.805000
08/07/2009;3.808000
13/07/2009;3.808000
14/07/2009;3.806000
15/07/2009;3.807000
16/07/2009;3.807000
17/07/2009;3.808000
20/07/2009;3.808000
21/07/2009;3.808000
22/07/2009;3.808000
23/07/2009;3.808000
24/07/2009;3.809000
27/07/2009;3.810000
28/07/2009;3.815000
29/07/2009;3.824000
30/07/2009;3.829000
31/07/2009;3.830000
03/08/2009;3.826000
04/08/2009;3.823000
05/08/2009;3.825000
06/08/2009;3.826000
07/08/2009;3.827000
10/08/2009;3.829000
11/08/2009;3.831000
12/08/2009;3.834000
13/08/2009;3.837000
14/08/2009;3.840000
18/08/2009;3.846000
19/08/2009;3.848000
20/08/2009;3.849000
21/08/2009;3.849000
24/08/2009;3.850000
25/08/2009;3.850000
26/08/2009;3.848000
27/08/2009;3.848000
28/08/2009;3.850000
31/08/2009;3.851000
01/09/2009;3.845000
02/09/2009;3.846000
03/09/2009;3.846000
04/09/2009;3.847000
07/09/2009;3.849000
08/09/2009;3.851000
09/09/2009;3.854000
10/09/2009;3.853000
11/09/2009;3.854000
14/09/2009;3.842000
15/09/2009;3.831000
16/09/2009;3.828000
17/09/2009;3.832000
18/09/2009;3.839000
21/09/2009;3.836000
22/09/2009;3.837000
23/09/2009;3.837000
24/09/2009;3.837000
25/09/2009;3.838000
28/09/2009;3.841000
29/09/2009;3.843000
30/09/2009;3.843000
01/10/2009;3.844000
02/10/2009;3.844000
05/10/2009;3.840000
06/10/2009;3.834000
07/10/2009;3.834000
08/10/2009;3.833000
09/10/2009;3.829000
13/10/2009;3.825000
14/10/2009;3.822000
15/10/2009;3.819000
16/10/2009;3.821000
19/10/2009;3.822000
20/10/2009;3.821000
21/10/2009;3.821000
22/10/2009;3.822000
23/10/2009;3.820000
26/10/2009;3.820000
27/10/2009;3.820000
28/10/2009;3.820000
29/10/2009;3.820000
30/10/2009;3.819000
02/11/2009;3.819000
03/11/2009;3.818000
04/11/2009;3.818000
05/11/2009;3.817000
09/11/2009;3.816000
10/11/2009;3.815000
11/11/2009;3.813000
12/11/2009;3.814000
13/11/2009;3.814000
16/11/2009;3.815000
17/11/2009;3.814000
18/11/2009;3.810000
19/11/2009;3.803000
20/11/2009;3.800000
23/11/2009;3.799000
24/11/2009;3.802000
25/11/2009;3.803000
26/11/2009;3.806000
27/11/2009;3.809000
30/11/2009;3.811000
01/12/2009;3.812000
02/12/2009;3.811000
03/12/2009;3.809000
04/12/2009;3.807000
07/12/2009;3.804000
09/12/2009;3.799000
10/12/2009;3.801000
11/12/2009;3.803000
14/12/2009;3.811000
15/12/2009;3.811000
16/12/2009;3.810000
17/12/2009;3.820000
18/12/2009;3.813000
21/12/2009;3.808000
22/12/2009;3.800000
23/12/2009;3.795000
24/12/2009;3.792000
28/12/2009;3.799000
29/12/2009;3.827000
30/12/2009;3.800000
31/12/2009;3.800000
04/01/2010;3.798000
05/01/2010;3.799000
06/01/2010;3.810000
07/01/2010;3.795000
08/01/2010;3.798000
11/01/2010;3.794000
12/01/2010;3.794000
13/01/2010;3.797000
14/01/2010;3.797000
15/01/2010;3.797000
18/01/2010;3.799000
19/01/2010;3.801000
20/01/2010;3.804000
21/01/2010;3.808000
22/01/2010;3.807000
25/01/2010;3.806000
26/01/2010;3.814000
27/01/2010;3.814000
28/01/2010;3.819000
29/01/2010;3.835000
01/02/2010;3.836000
02/02/2010;3.832000
03/02/2010;3.834000
04/02/2010;3.841000
05/02/2010;3.840000
08/02/2010;3.841000
09/02/2010;3.843000
10/02/2010;3.847000
11/02/2010;3.850000
12/02/2010;3.854000
15/02/2010;3.860000
16/02/2010;3.857000
17/02/2010;3.856000
18/02/2010;3.858000
19/02/2010;3.858000
22/02/2010;3.863000
23/02/2010;3.860000
24/02/2010;3.860000
25/02/2010;3.859000
26/02/2010;3.859000
01/03/2010;3.857000
02/03/2010;3.855000
03/03/2010;3.855000
04/03/2010;3.856000
05/03/2010;3.859000
08/03/2010;3.859000
09/03/2010;3.862000
10/03/2010;3.858000
11/03/2010;3.859000
12/03/2010;3.860000
15/03/2010;3.863000
16/03/2010;3.862000
17/03/2010;3.862000
18/03/2010;3.862000
19/03/2010;3.864000
22/03/2010;3.864000
23/03/2010;3.865000
25/03/2010;3.867000
26/03/2010;3.867000
29/03/2010;3.873000
30/03/2010;3.875000
31/03/2010;3.878000
05/04/2010;3.879000
06/04/2010;3.880000
07/04/2010;3.876000
08/04/2010;3.876000
09/04/2010;3.876000
12/04/2010;3.878000
13/04/2010;3.879000
14/04/2010;3.876000
15/04/2010;3.872000
16/04/2010;3.869000
19/04/2010;3.870000
20/04/2010;3.871000
21/04/2010;3.871000
22/04/2010;3.871000
23/04/2010;3.872000
26/04/2010;3.873000
27/04/2010;3.878000
28/04/2010;3.881000
29/04/2010;3.883000
30/04/2010;3.888000
03/05/2010;3.888000
04/05/2010;3.895000
05/05/2010;3.895000
06/05/2010;3.895000
07/05/2010;3.895000
10/05/2010;3.895000
11/05/2010;3.896000
12/05/2010;3.895000
13/05/2010;3.895000
14/05/2010;3.897000
17/05/2010;3.903000
18/05/2010;3.909000
19/05/2010;3.906000
20/05/2010;3.905000
21/05/2010;3.906000
26/05/2010;3.911000
27/05/2010;3.912000
28/05/2010;3.920000
31/05/2010;3.929000
01/06/2010;3.930000
02/06/2010;3.925000
03/06/2010;3.920000
04/06/2010;3.924000
07/06/2010;3.922000
08/06/2010;3.916000
09/06/2010;3.917000
10/06/2010;3.919000
11/06/2010;3.923000
14/06/2010;3.926000
15/06/2010;3.926000
16/06/2010;3.926000
17/06/2010;3.926000
18/06/2010;3.926000
22/06/2010;3.929000
23/06/2010;3.927000
24/06/2010;3.930000
25/06/2010;3.932000
28/06/2010;3.933000
29/06/2010;3.932000
30/06/2010;3.931000
01/07/2010;3.933000
02/07/2010;3.934000
05/07/2010;3.935000
06/07/2010;3.935000
07/07/2010;3.936000
08/07/2010;3.937000
12/07/2010;3.936000
13/07/2010;3.934000
14/07/2010;3.934000
15/07/2010;3.935000
16/07/2010;3.934000
19/07/2010;3.935000
20/07/2010;3.934000
21/07/2010;3.934000
22/07/2010;3.932000
23/07/2010;3.931000
26/07/2010;3.932000
27/07/2010;3.933000
28/07/2010;3.935000
29/07/2010;3.937000
30/07/2010;3.940000
02/08/2010;3.938000
03/08/2010;3.934000
04/08/2010;3.933000
05/08/2010;3.933000
06/08/2010;3.932000
09/08/2010;3.932000
10/08/2010;3.933000
11/08/2010;3.934000
12/08/2010;3.933000
13/08/2010;3.933000
17/08/2010;3.934000
18/08/2010;3.936000
19/08/2010;3.937000
20/08/2010;3.938000
23/08/2010;3.939000
24/08/2010;3.942000
25/08/2010;3.945000
26/08/2010;3.944000
27/08/2010;3.944000
30/08/2010;3.950000
31/08/2010;3.950000
01/09/2010;3.950000
02/09/2010;3.947000
03/09/2010;3.945000
06/09/2010;3.944000
07/09/2010;3.947000
08/09/2010;3.946000
09/09/2010;3.945000
10/09/2010;3.945000
13/09/2010;3.948000
14/09/2010;3.949000
15/09/2010;3.950000
16/09/2010;3.949000
17/09/2010;3.951000
20/09/2010;3.950000
21/09/2010;3.951000
22/09/2010;3.952000
23/09/2010;3.953000
24/09/2010;3.960000
27/09/2010;3.971000
28/09/2010;3.973000
29/09/2010;3.964000
30/09/2010;3.960000
01/10/2010;3.961000
04/10/2010;3.960000
05/10/2010;3.958000
06/10/2010;3.960000
07/10/2010;3.958000
08/10/2010;3.956000
12/10/2010;3.955000
13/10/2010;3.952000
14/10/2010;3.948000
15/10/2010;3.955000
18/10/2010;3.954000
19/10/2010;3.957000
20/10/2010;3.958000
21/10/2010;3.958000
22/10/2010;3.956000
25/10/2010;3.955000
26/10/2010;3.958000
28/10/2010;3.957000
29/10/2010;3.957000
01/11/2010;3.959000
02/11/2010;3.958000
03/11/2010;3.957000
04/11/2010;3.959000
05/11/2010;3.958000
08/11/2010;3.963000
09/11/2010;3.962000
10/11/2010;3.961000
11/11/2010;3.962000
12/11/2010;3.965000
15/11/2010;3.970000
16/11/2010;3.973000
17/11/2010;3.973000
18/11/2010;3.973000
19/11/2010;3.973000
23/11/2010;3.973000
24/11/2010;3.973000
25/11/2010;3.975000
26/11/2010;3.980000
29/11/2010;3.985000
30/11/2010;3.988000
01/12/2010;3.983000
02/12/2010;3.980000
03/12/2010;3.978000
06/12/2010;3.978000
07/12/2010;3.978000
09/12/2010;3.977000
10/12/2010;3.975000
13/12/2010;3.973000
14/12/2010;3.974000
15/12/2010;3.974000
16/12/2010;3.975000
17/12/2010;3.974000
20/12/2010;3.974000
21/12/2010;3.973000
22/12/2010;3.972000
23/12/2010;3.978000
27/12/2010;3.984000
28/12/2010;3.981000
29/12/2010;3.978000
30/12/2010;3.976000
31/12/2010;3.976000
03/01/2011;3.973000
04/01/2011;3.973000
05/01/2011;3.972000
06/01/2011;3.972000
07/01/2011;3.978000
10/01/2011;3.978000
11/01/2011;3.978000
12/01/2011;3.976000
13/01/2011;3.976000
14/01/2011;3.978000
17/01/2011;3.979000
18/01/2011;3.983000
19/01/2011;3.983000
20/01/2011;3.983000
21/01/2011;3.983000
24/01/2011;3.985000
25/01/2011;3.990000
26/01/2011;3.990000
27/01/2011;3.995000
28/01/2011;4.001000
31/01/2011;4.008000
01/02/2011;4.009000
02/02/2011;4.017000
03/02/2011;4.015000
04/02/2011;4.017000
07/02/2011;4.019000
08/02/2011;4.017000
09/02/2011;4.017000
10/02/2011;4.020000
11/02/2011;4.022000
14/02/2011;4.023000
15/02/2011;4.025000
16/02/2011;4.023000
17/02/2011;4.024000
18/02/2011;4.025000
21/02/2011;4.028000
22/02/2011;4.028000
23/02/2011;4.029000
24/02/2011;4.028000
25/02/2011;4.029000
28/02/2011;4.030000
01/03/2011;4.031000
02/03/2011;4.030000
03/03/2011;4.029000
04/03/2011;4.030000
09/03/2011;4.033000
10/03/2011;4.031000
11/03/2011;4.028000
14/03/2011;4.029000
15/03/2011;4.034000
16/03/2011;4.038000
17/03/2011;4.039000
18/03/2011;4.039000
21/03/2011;4.041000
22/03/2011;4.042000
23/03/2011;4.042000
28/03/2011;4.044000
29/03/2011;4.047000
30/03/2011;4.050000
31/03/2011;4.054000
01/04/2011;4.054000
04/04/2011;4.052000
05/04/2011;4.054000
06/04/2011;4.054000
07/04/2011;4.053000
08/04/2011;4.050000
11/04/2011;4.050000
12/04/2011;4.055000
13/04/2011;4.058000
14/04/2011;4.067000
15/04/2011;4.070000
18/04/2011;4.074000
19/04/2011;4.076000
20/04/2011;4.079000
25/04/2011;4.082000
26/04/2011;4.082000
27/04/2011;4.085000
28/04/2011;4.080000
29/04/2011;4.080000
02/05/2011;4.079000
03/05/2011;4.078000
04/05/2011;4.079000
05/05/2011;4.080000
06/05/2011;4.081000
09/05/2011;4.082000
10/05/2011;4.082000
11/05/2011;4.083000
12/05/2011;4.082000
13/05/2011;4.083000
16/05/2011;4.084000
17/05/2011;4.085000
18/05/2011;4.086000
19/05/2011;4.087000
20/05/2011;4.086000
23/05/2011;4.087000
24/05/2011;4.086000
26/05/2011;4.086000
27/05/2011;4.086000
30/05/2011;4.088000
31/05/2011;4.090000
01/06/2011;4.089000
02/06/2011;4.090000
03/06/2011;4.090000
06/06/2011;4.092000
07/06/2011;4.092000
08/06/2011;4.092000
09/06/2011;4.093000
10/06/2011;4.092000
13/06/2011;4.092000
14/06/2011;4.093000
15/06/2011;4.094000
16/06/2011;4.094000
17/06/2011;4.095000
21/06/2011;4.098000
22/06/2011;4.099000
23/06/2011;4.099000
24/06/2011;4.100000
27/06/2011;4.102000
28/06/2011;4.104000
29/06/2011;4.110000
30/06/2011;4.110000
01/07/2011;4.110000
04/07/2011;4.115000
05/07/2011;4.116000
06/07/2011;4.118000
07/07/2011;4.121000
08/07/2011;4.121000
11/07/2011;4.122000
12/07/2011;4.122000
13/07/2011;4.122000
14/07/2011;4.122000
15/07/2011;4.122000
18/07/2011;4.128000
19/07/2011;4.136000
20/07/2011;4.136000
21/07/2011;4.139000
22/07/2011;4.139000
25/07/2011;4.135000
26/07/2011;4.137000
27/07/2011;4.138000
28/07/2011;4.142000
29/07/2011;4.145000
01/08/2011;4.147000
02/08/2011;4.148000
03/08/2011;4.151000
04/08/2011;4.153000
05/08/2011;4.156000
08/08/2011;4.154000
09/08/2011;4.157000
10/08/2011;4.157000
11/08/2011;4.159000
12/08/2011;4.158000
15/08/2011;4.161000
16/08/2011;4.163000
17/08/2011;4.167000
18/08/2011;4.173000
19/08/2011;4.178000
23/08/2011;4.184000
24/08/2011;4.186000
25/08/2011;4.185000
26/08/2011;4.184000
29/08/2011;4.188000
30/08/2011;4.195000
31/08/2011;4.200000
01/09/2011;4.224000
02/09/2011;4.202000
05/09/2011;4.208000
06/09/2011;4.208000
07/09/2011;4.207000
08/09/2011;4.202000
09/09/2011;4.203000
12/09/2011;4.204000
13/09/2011;4.204000
14/09/2011;4.204000
15/09/2011;4.205000
16/09/2011;4.205000
19/09/2011;4.205000
20/09/2011;4.190000
21/09/2011;4.189000
22/09/2011;4.200000
23/09/2011;4.205000
26/09/2011;4.205000
27/09/2011;4.205000
28/09/2011;4.205000
29/09/2011;4.205000
30/09/2011;4.205000
03/10/2011;4.205000
04/10/2011;4.205000
05/10/2011;4.207000
06/10/2011;4.210000
07/10/2011;4.210000
11/10/2011;4.211000
12/10/2011;4.211000
13/10/2011;4.213000
14/10/2011;4.216000
17/10/2011;4.210000
18/10/2011;4.225000
19/10/2011;4.235000
20/10/2011;4.235000
21/10/2011;4.235000
24/10/2011;4.236000
25/10/2011;4.236000
26/10/2011;4.236000
27/10/2011;4.236000
28/10/2011;4.236000
31/10/2011;4.236000
01/11/2011;4.241000
02/11/2011;4.250000
03/11/2011;4.250000
04/11/2011;4.256000
07/11/2011;4.260000
08/11/2011;4.260000
09/11/2011;4.260000
10/11/2011;4.263000
11/11/2011;4.272000
14/11/2011;4.275000
15/11/2011;4.263000
16/11/2011;4.257000
17/11/2011;4.256000
18/11/2011;4.257000
21/11/2011;4.258000
22/11/2011;4.259000
23/11/2011;4.259000
24/11/2011;4.263000
25/11/2011;4.263000
29/11/2011;4.275000
30/11/2011;4.281000
01/12/2011;4.282000
02/12/2011;4.283000
05/12/2011;4.286000
06/12/2011;4.278000
07/12/2011;4.278000
12/12/2011;4.279000
13/12/2011;4.279000
14/12/2011;4.281000
15/12/2011;4.284000
16/12/2011;4.290000
19/12/2011;4.290000
20/12/2011;4.292000
21/12/2011;4.292000
22/12/2011;4.292000
23/12/2011;4.292000
27/12/2011;4.298000
28/12/2011;4.298000
29/12/2011;4.303000
30/12/2011;4.304000
03/01/2012;4.304000
04/01/2012;4.306000
05/01/2012;4.311000
06/01/2012;4.317000
09/01/2012;4.314000
10/01/2012;4.313000
11/01/2012;4.312000
12/01/2012;4.312000
13/01/2012;4.312000
16/01/2012;4.317000
17/01/2012;4.318000
18/01/2012;4.320000
19/01/2012;4.321000
20/01/2012;4.323000
23/01/2012;4.328000
24/01/2012;4.334000
25/01/2012;4.338000
26/01/2012;4.336000
27/01/2012;4.335000
30/01/2012;4.335000
31/01/2012;4.337000
01/02/2012;4.334000
02/02/2012;4.333000
03/02/2012;4.333000
06/02/2012;4.333000
07/02/2012;4.338000
08/02/2012;4.342000
09/02/2012;4.346000
10/02/2012;4.345000
13/02/2012;4.346000
14/02/2012;4.349000
15/02/2012;4.351000
16/02/2012;4.353000
17/02/2012;4.354000
22/02/2012;4.354000
23/02/2012;4.354000
24/02/2012;4.355000
28/02/2012;4.356000
29/02/2012;4.357000
01/03/2012;4.346000
02/03/2012;4.335000
05/03/2012;4.335000
06/03/2012;4.336000
07/03/2012;4.337000
08/03/2012;4.339000
09/03/2012;4.343000
12/03/2012;4.348000
13/03/2012;4.353000
14/03/2012;4.357000
15/03/2012;4.352000
16/03/2012;4.360000
19/03/2012;4.363000
20/03/2012;4.365000
21/03/2012;4.367000
22/03/2012;4.366000
23/03/2012;4.369000
26/03/2012;4.372000
27/03/2012;4.373000
28/03/2012;4.374000
29/03/2012;4.377000
30/03/2012;4.379000
03/04/2012;4.382000
04/04/2012;4.388000
09/04/2012;4.384000
10/04/2012;4.384000
11/04/2012;4.390000
12/04/2012;4.395000
13/04/2012;4.394000
16/04/2012;4.394000
17/04/2012;4.397000
18/04/2012;4.402000
19/04/2012;4.404000
20/04/2012;4.406000
23/04/2012;4.406000
24/04/2012;4.411000
25/04/2012;4.414000
26/04/2012;4.414000
27/04/2012;4.417000
02/05/2012;4.426000
03/05/2012;4.428000
04/05/2012;4.428000
07/05/2012;4.437000
08/05/2012;4.438000
09/05/2012;4.440000
10/05/2012;4.439000
11/05/2012;4.440000
14/05/2012;4.443000
15/05/2012;4.442000
16/05/2012;4.447000
17/05/2012;4.451000
18/05/2012;4.459000
21/05/2012;4.465000
22/05/2012;4.468000
23/05/2012;4.469000
24/05/2012;4.470000
28/05/2012;4.474000
29/05/2012;4.470000
30/05/2012;4.471000
31/05/2012;4.471000
01/06/2012;4.471000
04/06/2012;4.474000
05/06/2012;4.484000
06/06/2012;4.496000
07/06/2012;4.484000
08/06/2012;4.486000
11/06/2012;4.490000
12/06/2012;4.490000
13/06/2012;4.492000
14/06/2012;4.495000
15/06/2012;4.496000
16/06/2012;4.611000
18/06/2012;4.500000
19/06/2012;4.503000
21/06/2012;4.508000
22/06/2012;4.512000
25/06/2012;4.514000
26/06/2012;4.517000
27/06/2012;4.518000
28/06/2012;4.523000
29/06/2012;4.527000
02/07/2012;4.525000
03/07/2012;4.525000
04/07/2012;4.527000
05/07/2012;4.530000
06/07/2012;4.535000
10/07/2012;4.538000
11/07/2012;4.541000
12/07/2012;4.546000
13/07/2012;4.547000
16/07/2012;4.547000
17/07/2012;4.552000
18/07/2012;4.557000
19/07/2012;4.560000
20/07/2012;4.564000
23/07/2012;4.571000
24/07/2012;4.573000
25/07/2012;4.570000
26/07/2012;4.574000
27/07/2012;4.580000
30/07/2012;4.580000
31/07/2012;4.585000
01/08/2012;4.587000
02/08/2012;4.586000
03/08/2012;4.589000
06/08/2012;4.592000
07/08/2012;4.595000
08/08/2012;4.598000
09/08/2012;4.600000
10/08/2012;4.601000
13/08/2012;4.605000
14/08/2012;4.606000
15/08/2012;4.608000
16/08/2012;4.611000
17/08/2012;4.616000
21/08/2012;4.618000
22/08/2012;4.616000
23/08/2012;4.617000
24/08/2012;4.625000
27/08/2012;4.629000
28/08/2012;4.629000
29/08/2012;4.629000
30/08/2012;4.633000
31/08/2012;4.638000
03/09/2012;4.643000
04/09/2012;4.649000
05/09/2012;4.652000
06/09/2012;4.655000
07/09/2012;4.661000
10/09/2012;4.661000
11/09/2012;4.660000
12/09/2012;4.661000
13/09/2012;4.665000
14/09/2012;4.671000
17/09/2012;4.674000
18/09/2012;4.677000
19/09/2012;4.681000
20/09/2012;4.681000
21/09/2012;4.686000
25/09/2012;4.689000
26/09/2012;4.690000
27/09/2012;4.692000
28/09/2012;4.697000
01/10/2012;4.699000
02/10/2012;4.700000
03/10/2012;4.703000
04/10/2012;4.706000
05/10/2012;4.709000
09/10/2012;4.713000
10/10/2012;4.715000
11/10/2012;4.720000
12/10/2012;4.723000
15/10/2012;4.727000
16/10/2012;4.731000
17/10/2012;4.732000
18/10/2012;4.735000
19/10/2012;4.738000
22/10/2012;4.742000
23/10/2012;4.743000
24/10/2012;4.748000
25/10/2012;4.752000
26/10/2012;4.752000
29/10/2012;4.757000
30/10/2012;4.763000
31/10/2012;4.766000
01/11/2012;4.770000
02/11/2012;4.769000
05/11/2012;4.770000
07/11/2012;4.770000
08/11/2012;4.774000
09/11/2012;4.778000
12/11/2012;4.785000
13/11/2012;4.783000
14/11/2012;4.787000
15/11/2012;4.794000
16/11/2012;4.800000
19/11/2012;4.805000
20/11/2012;4.807000
21/11/2012;4.816000
22/11/2012;4.823000
23/11/2012;4.818000
27/11/2012;4.824000
28/11/2012;4.830000
29/11/2012;4.831000
30/11/2012;4.838000
03/12/2012;4.842000
04/12/2012;4.847000
05/12/2012;4.851000
06/12/2012;4.858000
07/12/2012;4.863000
10/12/2012;4.863000
11/12/2012;4.868000
12/12/2012;4.872000
13/12/2012;4.874000
14/12/2012;4.878000
17/12/2012;4.884000
18/12/2012;4.889000
19/12/2012;4.896000
20/12/2012;4.900000
21/12/2012;4.905000
26/12/2012;4.910000
27/12/2012;4.913000
28/12/2012;4.914000
31/12/2012;4.918000
02/01/2013;4.925000
03/01/2013;4.927000
04/01/2013;4.926000
07/01/2013;4.931000
08/01/2013;4.932000
09/01/2013;4.936000
10/01/2013;4.939000
11/01/2013;4.942000
14/01/2013;4.951000
15/01/2013;4.949000
16/01/2013;4.948000
17/01/2013;4.950000
18/01/2013;4.951000
21/01/2013;4.958000
22/01/2013;4.957000
23/01/2013;4.964000
24/01/2013;4.963000
25/01/2013;4.965000
28/01/2013;4.971000
29/01/2013;4.976000
30/01/2013;4.978000
01/02/2013;4.985000
04/02/2013;4.983000
05/02/2013;4.984000
06/02/2013;4.987000
07/02/2013;4.995000
08/02/2013;4.996000
13/02/2013;5.004000
14/02/2013;5.004000
15/02/2013;5.011000
18/02/2013;5.022000
19/02/2013;5.022000
21/02/2013;5.029000
22/02/2013;5.030000
25/02/2013;5.034000
26/02/2013;5.038000
27/02/2013;5.040000
28/02/2013;5.046000
01/03/2013;5.049000
04/03/2013;5.054000
05/03/2013;5.057000
06/03/2013;5.061000
07/03/2013;5.063000
08/03/2013;5.065000
11/03/2013;5.075000
12/03/2013;5.078000
13/03/2013;5.080000
14/03/2013;5.085000
15/03/2013;5.092000
18/03/2013;5.096000
19/03/2013;5.096000
20/03/2013;5.095000
21/03/2013;5.103000
22/03/2013;5.110000
25/03/2013;5.116000
26/03/2013;5.120000
27/03/2013;5.122000
03/04/2013;5.130000
04/04/2013;5.134000
05/04/2013;5.134000
08/04/2013;5.133000
09/04/2013;5.137000
10/04/2013;5.140000
11/04/2013;5.143000
12/04/2013;5.149000
15/04/2013;5.152000
16/04/2013;5.155000
17/04/2013;5.156000
18/04/2013;5.159000
19/04/2013;5.164000
22/04/2013;5.167000
23/04/2013;5.172000
24/04/2013;5.175000
25/04/2013;5.173000
26/04/2013;5.178000
29/04/2013;5.180000
30/04/2013;5.187000
02/05/2013;5.193000
03/05/2013;5.199000
06/05/2013;5.208000
07/05/2013;5.210000
08/05/2013;5.214000
09/05/2013;5.221000
10/05/2013;5.229000
13/05/2013;5.233000
14/05/2013;5.235000
15/05/2013;5.233000
16/05/2013;5.233000
17/05/2013;5.236000
20/05/2013;5.245000
21/05/2013;5.248000
22/05/2013;5.255000
23/05/2013;5.263000
24/05/2013;5.266000
27/05/2013;5.270000
28/05/2013;5.270000
29/05/2013;5.276000
30/05/2013;5.280000
31/05/2013;5.284000
03/06/2013;5.287000
04/06/2013;5.289000
05/06/2013;5.291000
06/06/2013;5.301000
07/06/2013;5.300000
10/06/2013;5.305000
11/06/2013;5.310000
12/06/2013;5.318000
13/06/2013;5.327000
14/06/2013;5.330000
17/06/2013;5.337000
18/06/2013;5.341000
19/06/2013;5.349000
24/06/2013;5.362000
25/06/2013;5.362000
26/06/2013;5.370000
27/06/2013;5.377000
28/06/2013;5.388000
01/07/2013;5.390000
02/07/2013;5.394000
03/07/2013;5.398000
04/07/2013;5.403000
05/07/2013;5.404000
08/07/2013;5.408000
10/07/2013;5.413000
11/07/2013;5.419000
12/07/2013;5.426000
15/07/2013;5.429000
16/07/2013;5.435000
17/07/2013;5.440000
18/07/2013;5.450000
19/07/2013;5.462000
22/07/2013;5.461000
23/07/2013;5.462000
24/07/2013;5.464000
25/07/2013;5.480000
26/07/2013;5.481000
29/07/2013;5.495000
30/07/2013;5.501000
31/07/2013;5.505000
01/08/2013;5.511000
02/08/2013;5.515000
05/08/2013;5.521000
06/08/2013;5.528000
07/08/2013;5.530000
08/08/2013;5.540000
09/08/2013;5.542000
12/08/2013;5.552000
13/08/2013;5.562000
14/08/2013;5.568000
15/08/2013;5.579000
16/08/2013;5.591000
20/08/2013;5.595000
21/08/2013;5.603000
22/08/2013;5.614000
23/08/2013;5.624000
26/08/2013;5.632000
27/08/2013;5.643000
28/08/2013;5.650000
29/08/2013;5.661000
30/08/2013;5.672000
03/09/2013;5.690000
04/09/2013;5.702000
05/09/2013;5.699000
06/09/2013;5.701000
09/09/2013;5.704000
10/09/2013;5.712000
11/09/2013;5.721000
12/09/2013;5.720000
13/09/2013;5.725000
16/09/2013;5.732000
17/09/2013;5.742000
18/09/2013;5.751000
19/09/2013;5.758000
20/09/2013;5.761000
23/09/2013;5.771000
24/09/2013;5.771000
25/09/2013;5.771000
26/09/2013;5.784000
27/09/2013;5.790000
30/09/2013;5.793000
01/10/2013;5.800000
02/10/2013;5.803000
03/10/2013;5.812000
04/10/2013;5.813000
07/10/2013;5.821000
08/10/2013;5.822000
09/10/2013;5.823000
10/10/2013;5.829000
11/10/2013;5.832000
15/10/2013;5.838000
16/10/2013;5.841000
17/10/2013;5.851000
18/10/2013;5.854000
21/10/2013;5.862000
22/10/2013;5.863000
23/10/2013;5.864000
24/10/2013;5.870000
25/10/2013;5.886000
28/10/2013;5.892000
29/10/2013;5.894000
30/10/2013;5.907000
31/10/2013;5.912000
01/11/2013;5.931000
04/11/2013;5.943000
05/11/2013;5.955000
07/11/2013;5.944000
08/11/2013;5.964000
11/11/2013;5.973000
12/11/2013;5.976000
13/11/2013;5.977000
14/11/2013;5.989000
15/11/2013;5.995000
18/11/2013;6.004000
19/11/2013;6.039000
20/11/2013;6.046000
21/11/2013;6.059000
22/11/2013;6.082000
26/11/2013;6.095000
27/11/2013;6.110000
28/11/2013;6.126000
29/11/2013;6.141000
02/12/2013;6.158000
03/12/2013;6.179000
04/12/2013;6.198000
05/12/2013;6.226000
06/12/2013;6.242000
09/12/2013;6.249000
10/12/2013;6.264000
11/12/2013;6.277000
12/12/2013;6.280000
13/12/2013;6.289000
16/12/2013;6.315000
17/12/2013;6.332000
18/12/2013;6.378000
19/12/2013;6.397000
20/12/2013;6.424000
23/12/2013;6.440000
26/12/2013;6.473000
27/12/2013;6.491000
30/12/2013;6.521000
31/12/2013;6.521000
02/01/2014;6.545000
03/01/2014;6.555000
06/01/2014;6.595000
07/01/2014;6.598000
08/01/2014;6.605000
09/01/2014;6.626000
10/01/2014;6.664000
13/01/2014;6.695000
14/01/2014;6.710000
15/01/2014;6.755000
16/01/2014;6.774000
17/01/2014;6.797000
20/01/2014;6.825000
21/01/2014;6.885000
22/01/2014;7.140000
23/01/2014;7.750000
24/01/2014;8.000000
27/01/2014;8.010000
28/01/2014;8.010000
29/01/2014;8.005000
30/01/2014;8.015000
31/01/2014;8.010000
03/02/2014;8.005000
04/02/2014;8.006000
05/02/2014;7.900000
06/02/2014;7.880000
07/02/2014;7.840000
10/02/2014;7.820000
11/02/2014;7.810000
12/02/2014;7.805000
13/02/2014;7.792000
14/02/2014;7.761000
17/02/2014;7.760000
18/02/2014;7.769000
19/02/2014;7.781000
20/02/2014;7.816000
21/02/2014;7.845000
24/02/2014;7.855000
25/02/2014;7.869000
26/02/2014;7.881000
27/02/2014;7.877000
28/02/2014;7.874000
05/03/2014;7.880000
06/03/2014;7.871000
07/03/2014;7.861000
10/03/2014;7.861000
11/03/2014;7.870000
12/03/2014;7.877000
13/03/2014;7.889000
14/03/2014;7.900000
17/03/2014;7.920000
18/03/2014;7.956000
19/03/2014;7.953000
20/03/2014;7.965000
21/03/2014;7.974000
25/03/2014;8.005000
26/03/2014;8.001000
27/03/2014;8.000000
28/03/2014;8.003000
31/03/2014;8.002000
01/04/2014;8.002000
03/04/2014;8.000000
04/04/2014;8.000000
07/04/2014;8.001000
08/04/2014;8.001000
09/04/2014;8.000000
10/04/2014;8.000000
11/04/2014;8.000000
14/04/2014;8.001000
15/04/2014;8.000000
16/04/2014;8.001000
21/04/2014;8.000000
22/04/2014;8.001000
23/04/2014;8.000000
24/04/2014;8.001000
25/04/2014;8.000000
28/04/2014;8.001000
29/04/2014;8.002000
30/04/2014;8.002000
05/05/2014;8.001000
06/05/2014;8.000000
07/05/2014;8.001000
08/05/2014;8.002000
09/05/2014;8.005000
12/05/2014;8.011000
13/05/2014;8.021000
14/05/2014;8.036000
15/05/2014;8.054000
16/05/2014;8.054000
19/05/2014;8.057000
20/05/2014;8.060000
21/05/2014;8.062000
22/05/2014;8.063000
23/05/2014;8.064000
26/05/2014;8.066000
27/05/2014;8.071000
28/05/2014;8.074000
29/05/2014;8.075000
30/05/2014;8.080000
02/06/2014;8.085000
03/06/2014;8.095000
04/06/2014;8.106000
05/06/2014;8.130000
06/06/2014;8.130000
09/06/2014;8.130000
10/06/2014;8.130000
11/06/2014;8.129000
12/06/2014;8.129000
13/06/2014;8.130000
16/06/2014;8.129000
17/06/2014;8.129000
18/06/2014;8.130000
19/06/2014;8.130000
23/06/2014;8.130000
24/06/2014;8.130000
25/06/2014;8.132000
26/06/2014;8.132000
27/06/2014;8.132000
30/06/2014;8.133000
01/07/2014;8.135000
02/07/2014;8.138000
03/07/2014;8.138000
04/07/2014;8.138000
07/07/2014;8.140000
08/07/2014;8.143000
10/07/2014;8.146000
11/07/2014;8.151000
14/07/2014;8.150000
15/07/2014;8.150000
16/07/2014;8.154000
17/07/2014;8.156000
18/07/2014;8.160000
21/07/2014;8.160000
22/07/2014;8.166000
23/07/2014;8.169000
24/07/2014;8.175000
25/07/2014;8.178000
28/07/2014;8.184000
29/07/2014;8.192000
30/07/2014;8.201000
31/07/2014;8.213000
01/08/2014;8.236000
04/08/2014;8.260000
05/08/2014;8.268000
06/08/2014;8.269000
07/08/2014;8.269000
08/08/2014;8.271000
11/08/2014;8.270000
12/08/2014;8.272000
13/08/2014;8.273000
14/08/2014;8.277000
15/08/2014;8.281000
19/08/2014;8.286000
20/08/2014;8.323000
21/08/2014;8.395000
22/08/2014;8.405000
25/08/2014;8.405000
26/08/2014;8.406000
27/08/2014;8.401000
28/08/2014;8.405000
29/08/2014;8.401000
01/09/2014;8.407000
02/09/2014;8.411000
03/09/2014;8.411000
04/09/2014;8.401000
05/09/2014;8.415000
08/09/2014;8.401000
09/09/2014;8.400000
10/09/2014;8.400000
11/09/2014;8.401000
12/09/2014;8.402000
15/09/2014;8.402000
16/09/2014;8.403000
17/09/2014;8.417000
18/09/2014;8.417000
19/09/2014;8.422000
22/09/2014;8.427000
23/09/2014;8.420000
24/09/2014;8.420000
25/09/2014;8.424000
26/09/2014;8.449000
29/09/2014;8.471000
30/09/2014;8.430000
01/10/2014;8.450000
02/10/2014;8.445000
03/10/2014;8.450000
06/10/2014;8.455000
07/10/2014;8.455000
08/10/2014;8.465000
09/10/2014;8.470000
10/10/2014;8.466000
14/10/2014;8.473000
15/10/2014;8.473000
16/10/2014;8.474000
17/10/2014;8.476000
20/10/2014;8.488000
21/10/2014;8.488000
22/10/2014;8.489000
23/10/2014;8.489000
24/10/2014;8.492000
27/10/2014;8.500000
28/10/2014;8.502000
29/10/2014;8.501000
30/10/2014;8.500000
31/10/2014;8.500000
03/11/2014;8.508000
04/11/2014;8.508000
05/11/2014;8.508000
07/11/2014;8.510000
10/11/2014;8.509000
11/11/2014;8.510000
12/11/2014;8.510000
13/11/2014;8.510000
14/11/2014;8.511000
17/11/2014;8.512000
18/11/2014;8.512000
19/11/2014;8.514000
20/11/2014;8.514000
21/11/2014;8.516000
25/11/2014;8.523000
26/11/2014;8.523000
27/11/2014;8.526000
28/11/2014;8.524000
01/12/2014;8.532000
02/12/2014;8.540000
03/12/2014;8.542000
04/12/2014;8.549000
05/12/2014;8.557000
09/12/2014;8.552000
10/12/2014;8.551000
11/12/2014;8.550000
12/12/2014;8.551000
15/12/2014;8.551000
16/12/2014;8.551000
17/12/2014;8.551000
18/12/2014;8.550000
19/12/2014;8.551000
22/12/2014;8.550000
23/12/2014;8.550000
24/12/2014;8.553000
29/12/2014;8.552000
30/12/2014;8.551000
31/12/2014;8.551000
02/01/2015;8.555000
05/01/2015;8.561000
06/01/2015;8.572000
07/01/2015;8.585000
08/01/2015;8.592000
09/01/2015;8.591000
12/01/2015;8.591000
13/01/2015;8.593000
14/01/2015;8.595000
15/01/2015;8.597000
16/01/2015;8.601000
19/01/2015;8.605000
20/01/2015;8.611000
21/01/2015;8.616000
22/01/2015;8.621000
23/01/2015;8.625000
26/01/2015;8.625000
27/01/2015;8.629000
28/01/2015;8.631000
29/01/2015;8.634000
30/01/2015;8.644000
02/02/2015;8.656000
03/02/2015;8.661000
04/02/2015;8.660000
05/02/2015;8.660000
06/02/2015;8.659000
09/02/2015;8.666000
10/02/2015;8.672000
11/02/2015;8.678000
12/02/2015;8.681000
13/02/2015;8.685000
18/02/2015;8.690000
19/02/2015;8.697000
20/02/2015;8.703000
23/02/2015;8.710000
24/02/2015;8.718000
25/02/2015;8.722000
26/02/2015;8.721000
27/02/2015;8.726000
02/03/2015;8.733000
03/03/2015;8.739000
04/03/2015;8.744000
05/03/2015;8.750000
06/03/2015;8.758000
09/03/2015;8.764000
10/03/2015;8.770000
11/03/2015;8.777000
12/03/2015;8.780000
13/03/2015;8.783000
16/03/2015;8.783000
17/03/2015;8.787000
18/03/2015;8.791000
19/03/2015;8.794000
20/03/2015;8.799000
25/03/2015;8.801000
26/03/2015;8.806000
27/03/2015;8.810000
30/03/2015;8.816000
31/03/2015;8.822000
01/04/2015;8.827000
06/04/2015;8.831000
07/04/2015;8.836000
08/04/2015;8.841000
09/04/2015;8.845000
10/04/2015;8.850000
13/04/2015;8.856000
14/04/2015;8.858000
15/04/2015;8.866000
16/04/2015;8.866000
17/04/2015;8.867000
20/04/2015;8.871000
21/04/2015;8.874000
22/04/2015;8.879000
23/04/2015;8.885000
24/04/2015;8.890000
27/04/2015;8.895000
28/04/2015;8.897000
29/04/2015;8.902000
30/04/2015;8.907000
04/05/2015;8.912000
05/05/2015;8.917000
06/05/2015;8.922000
07/05/2015;8.924000
08/05/2015;8.928000
11/05/2015;8.933000
12/05/2015;8.936000
13/05/2015;8.940000
14/05/2015;8.944000
15/05/2015;8.947000
18/05/2015;8.953000
19/05/2015;8.958000
20/05/2015;8.962000
21/05/2015;8.968000
22/05/2015;8.971000
26/05/2015;8.978000
27/05/2015;8.983000
28/05/2015;8.986000
29/05/2015;8.992000
01/06/2015;8.996000
02/06/2015;9.001000
03/06/2015;9.007000
04/06/2015;9.010000
05/06/2015;9.014000
08/06/2015;9.018000
09/06/2015;9.023000
10/06/2015;9.029000
11/06/2015;9.032000
12/06/2015;9.037000
15/06/2015;9.041000
16/06/2015;9.044000
17/06/2015;9.050000
18/06/2015;9.052000
19/06/2015;9.056000
22/06/2015;9.061000
23/06/2015;9.065000
24/06/2015;9.069000
25/06/2015;9.073000
26/06/2015;9.078000
29/06/2015;9.083000
30/06/2015;9.088000
01/07/2015;9.093000
02/07/2015;9.097000
03/07/2015;9.104000
06/07/2015;9.108000
07/07/2015;9.114000
08/07/2015;9.118000
10/07/2015;9.124000
13/07/2015;9.128000
14/07/2015;9.132000
15/07/2015;9.137000
16/07/2015;9.142000
17/07/2015;9.146000
20/07/2015;9.151000
21/07/2015;9.156000
22/07/2015;9.161000
23/07/2015;9.165000
24/07/2015;9.168000
27/07/2015;9.173000
28/07/2015;9.178000
29/07/2015;9.182000
30/07/2015;9.187000
31/07/2015;9.190000
03/08/2015;9.195000
04/08/2015;9.200000
05/08/2015;9.205000
06/08/2015;9.209000
07/08/2015;9.214000
10/08/2015;9.220000
11/08/2015;9.227000
12/08/2015;9.231000
13/08/2015;9.237000
14/08/2015;9.240000
18/08/2015;9.245000
19/08/2015;9.251000
20/08/2015;9.255000
21/08/2015;9.260000
24/08/2015;9.267000
25/08/2015;9.272000
26/08/2015;9.279000
27/08/2015;9.284000
28/08/2015;9.290000
31/08/2015;9.296000
01/09/2015;9.304000
02/09/2015;9.310000
03/09/2015;9.317000
04/09/2015;9.322000
07/09/2015;9.340000
08/09/2015;9.337000
09/09/2015;9.344000
10/09/2015;9.350000
11/09/2015;9.354000
14/09/2015;9.359000
15/09/2015;9.365000
16/09/2015;9.371000
17/09/2015;9.377000
18/09/2015;9.382000
21/09/2015;9.387000
22/09/2015;9.391000
23/09/2015;9.398000
24/09/2015;9.404000
25/09/2015;9.407000
28/09/2015;9.410000
29/09/2015;9.416000
30/09/2015;9.422000
01/10/2015;9.430000
02/10/2015;9.438000
05/10/2015;9.444000
06/10/2015;9.451000
07/10/2015;9.456000
08/10/2015;9.460000
09/10/2015;9.465000
13/10/2015;9.474000
14/10/2015;9.479000
15/10/2015;9.484000
16/10/2015;9.490000
19/10/2015;9.498000
20/10/2015;9.504000
21/10/2015;9.511000
22/10/2015;9.514000
23/10/2015;9.520000
26/10/2015;9.527000
27/10/2015;9.533000
28/10/2015;9.538000
29/10/2015;9.542000
30/10/2015;9.546000
02/11/2015;9.555000
03/11/2015;9.562000
04/11/2015;9.572000
05/11/2015;9.580000
09/11/2015;9.587000
10/11/2015;9.596000
11/11/2015;9.603000
12/11/2015;9.615000
13/11/2015;9.624000
16/11/2015;9.635000
17/11/2015;9.642000
18/11/2015;9.648000
19/11/2015;9.657000
20/11/2015;9.668000
23/11/2015;9.672000
24/11/2015;9.674000
25/11/2015;9.678000
26/11/2015;9.678000
30/11/2015;9.688000
01/12/2015;9.698000
02/12/2015;9.709000
03/12/2015;9.720000
04/12/2015;9.730000
09/12/2015;9.736000
10/12/2015;9.751000
11/12/2015;9.773000
14/12/2015;9.786000
15/12/2015;9.806000
16/12/2015;9.826000
17/12/2015;13.400000
18/12/2015;13.250000
21/12/2015;12.860000
22/12/2015;12.980000
23/12/2015;13.020000
24/12/2015;13.080000
28/12/2015;13.000000
29/12/2015;12.963000
30/12/2015;12.984000
31/12/2015;13.040000
04/01/2016;13.200000
05/01/2016;13.650000
06/01/2016;13.890000
07/01/2016;13.900000
08/01/2016;13.880000
11/01/2016;13.650000
12/01/2016;13.550000
13/01/2016;13.540000
14/01/2016;13.250000
15/01/2016;13.400000
18/01/2016;13.560000
19/01/2016;13.430000
20/01/2016;13.500000
21/01/2016;13.600000
22/01/2016;13.730000
25/01/2016;13.810000
26/01/2016;13.850000
27/01/2016;13.880000
28/01/2016;13.840000
29/01/2016;13.960000
01/02/2016;14.130000
02/02/2016;14.135000
03/02/2016;14.160000
04/02/2016;14.230000
05/02/2016;14.361000
10/02/2016;14.500000
11/02/2016;14.640000
12/02/2016;14.730000
15/02/2016;14.800000
16/02/2016;14.838000
17/02/2016;14.990000
18/02/2016;15.060000
19/02/2016;15.060000
22/02/2016;15.250000
23/02/2016;15.300000
24/02/2016;15.350000
25/02/2016;15.390000
26/02/2016;15.470000
29/02/2016;15.800000
01/03/2016;15.800000
02/03/2016;15.660000
03/03/2016;15.200000
04/03/2016;15.200000
07/03/2016;15.405000
08/03/2016;15.449000
09/03/2016;15.370000
10/03/2016;15.340000
11/03/2016;14.850000
14/03/2016;14.800000
15/03/2016;14.520000
16/03/2016;14.610000
17/03/2016;14.950000
18/03/2016;14.760000
21/03/2016;14.470000
22/03/2016;14.390000
23/03/2016;14.500000
28/03/2016;14.830000
29/03/2016;14.630000
30/03/2016;14.600000
31/03/2016;14.700000
01/04/2016;14.790000
04/04/2016;14.730000
05/04/2016;14.680000
06/04/2016;14.600000
07/04/2016;14.470000
08/04/2016;14.480000
11/04/2016;14.520000
12/04/2016;14.455000
13/04/2016;14.395000
14/04/2016;14.330000
15/04/2016;14.050000
18/04/2016;14.140000
19/04/2016;14.190000
20/04/2016;14.340000
21/04/2016;14.270000
22/04/2016;14.300000
25/04/2016;14.330000
26/04/2016;14.310000
27/04/2016;14.190000
28/04/2016;14.300000
29/04/2016;14.250000
02/05/2016;14.190000
03/05/2016;14.200000
04/05/2016;14.240000
05/05/2016;14.240000
06/05/2016;14.210000
09/05/2016;14.235000
10/05/2016;14.234000
11/05/2016;14.210000
12/05/2016;14.170000
13/05/2016;14.150000
16/05/2016;14.137000
17/05/2016;14.140000
18/05/2016;14.135000
19/05/2016;14.100000
20/05/2016;14.035000
23/05/2016;13.990000
24/05/2016;14.050000
26/05/2016;13.995000
27/05/2016;13.920000
30/05/2016;13.990000
31/05/2016;13.991000
01/06/2016;13.950000
02/06/2016;13.900000
03/06/2016;13.851000
06/06/2016;13.770000
07/06/2016;13.840000
08/06/2016;13.900000
09/06/2016;13.820000
10/06/2016;13.800000
13/06/2016;13.800000
14/06/2016;13.750000
15/06/2016;13.745000
16/06/2016;13.920000
21/06/2016;13.970000
22/06/2016;14.070000
23/06/2016;14.450000
24/06/2016;14.930000
27/06/2016;15.300000
28/06/2016;14.900000
29/06/2016;14.980000
30/06/2016;15.040000
01/07/2016;15.000000
04/07/2016;15.060000
05/07/2016;14.800000
06/07/2016;14.695000
07/07/2016;14.725000
11/07/2016;14.640000
12/07/2016;14.560000
13/07/2016;14.570000
14/07/2016;14.740000
15/07/2016;14.950000
18/07/2016;15.150000
19/07/2016;15.000000
20/07/2016;15.070000
21/07/2016;15.000000
22/07/2016;14.910000
25/07/2016;14.950000
26/07/2016;14.950000
27/07/2016;15.000000
28/07/2016;15.040000
29/07/2016;15.010000
01/08/2016;14.930000
02/08/2016;14.850000
03/08/2016;14.870000
04/08/2016;14.850000
05/08/2016;14.790000
08/08/2016;14.670000
09/08/2016;14.770000
10/08/2016;14.670000
11/08/2016;14.660000
12/08/2016;14.670000
16/08/2016;14.670000
17/08/2016;14.780000
18/08/2016;14.940000
19/08/2016;14.918000
22/08/2016;14.810000
23/08/2016;14.840000
24/08/2016;14.860000
25/08/2016;14.890000
26/08/2016;15.000000
29/08/2016;15.100000
30/08/2016;15.010000
31/08/2016;14.930000
01/09/2016;14.900000
02/09/2016;14.990000
05/09/2016;15.020000
06/09/2016;15.020000
07/09/2016;15.050000
08/09/2016;15.070000
09/09/2016;14.980000
12/09/2016;14.950000
13/09/2016;15.000000
14/09/2016;15.030000
15/09/2016;15.070000
16/09/2016;15.130000
19/09/2016;15.150000
20/09/2016;15.140000
21/09/2016;15.140000
22/09/2016;15.164000
23/09/2016;15.166000
26/09/2016;15.240000
27/09/2016;15.280000
28/09/2016;15.390000
29/09/2016;15.375000
30/09/2016;15.310000
03/10/2016;15.195000
04/10/2016;15.170000
05/10/2016;15.190000
06/10/2016;15.210000
07/10/2016;15.185000
11/10/2016;15.170000
12/10/2016;15.070000
13/10/2016;15.132000
14/10/2016;15.175000
17/10/2016;15.198000
18/10/2016;15.208000
19/10/2016;15.195000
20/10/2016;15.155000
21/10/2016;15.135000
24/10/2016;15.146000
25/10/2016;15.230000
26/10/2016;15.205000
27/10/2016;15.174000
28/10/2016;15.190000
31/10/2016;15.150000
01/11/2016;15.075000
02/11/2016;15.110000
03/11/2016;15.100000
04/11/2016;15.060000
07/11/2016;15.050000
08/11/2016;14.930000
09/11/2016;14.920000
10/11/2016;15.030000
11/11/2016;15.370000
14/11/2016;15.650000
15/11/2016;15.500000
16/11/2016;15.500000
17/11/2016;15.480000
18/11/2016;15.470000
21/11/2016;15.385000
22/11/2016;15.450000
23/11/2016;15.540000
24/11/2016;15.540000
25/11/2016;15.545000
29/11/2016;15.700000
30/11/2016;15.868000
01/12/2016;15.840000
02/12/2016;15.940000
05/12/2016;15.871000
06/12/2016;15.920000
07/12/2016;15.990000
12/12/2016;16.030000
13/12/2016;15.966000
14/12/2016;15.970000
15/12/2016;15.960000
16/12/2016;15.900000
19/12/2016;15.840000
20/12/2016;15.860000
21/12/2016;15.790000
22/12/2016;15.730000
23/12/2016;15.497000
26/12/2016;15.540000
27/12/2016;15.550000
28/12/2016;15.750000
29/12/2016;15.928000
30/12/2016;15.890000
02/01/2017;15.920000
03/01/2017;15.945000
04/01/2017;16.080000
05/01/2017;15.960000
06/01/2017;15.810000
09/01/2017;15.885000
10/01/2017;15.850000
11/01/2017;15.850000
12/01/2017;15.810000
13/01/2017;15.853000
16/01/2017;15.880000
17/01/2017;15.909000
18/01/2017;15.975000
19/01/2017;15.900000
20/01/2017;15.915000
23/01/2017;15.940000
24/01/2017;15.930000
25/01/2017;15.955000
26/01/2017;15.920000
27/01/2017;15.900000
30/01/2017;15.920000
31/01/2017;15.897000
01/02/2017;15.800000
02/02/2017;15.680000
03/02/2017;15.620000
06/02/2017;15.780000
07/02/2017;15.675000
08/02/2017;15.675000
09/02/2017;15.610000
10/02/2017;15.540000
13/02/2017;15.485000
14/02/2017;15.470000
15/02/2017;15.360000
16/02/2017;15.435000
17/02/2017;15.680000
20/02/2017;15.685000
21/02/2017;15.610000
22/02/2017;15.565000
23/02/2017;15.500000
24/02/2017;15.480000
01/03/2017;15.420000
02/03/2017;15.400000
03/03/2017;15.450000
06/03/2017;15.480000
07/03/2017;15.550000
08/03/2017;15.645000
09/03/2017;15.530000
10/03/2017;15.480000
13/03/2017;15.540000
14/03/2017;15.535000
15/03/2017;15.570000
16/03/2017;15.530000
17/03/2017;15.560000
20/03/2017;15.630000
21/03/2017;15.600000
22/03/2017;15.635000
23/03/2017;15.590000
27/03/2017;15.565000
28/03/2017;15.538000
29/03/2017;15.430000
30/03/2017;15.410000
31/03/2017;15.390000
03/04/2017;15.395000
04/04/2017;15.350000
05/04/2017;15.362000
06/04/2017;15.390000
07/04/2017;15.345000
10/04/2017;15.210000
11/04/2017;15.265000
12/04/2017;15.190000
17/04/2017;15.200000
18/04/2017;15.299000
19/04/2017;15.400000
20/04/2017;15.389000
21/04/2017;15.490000
24/04/2017;15.390000
25/04/2017;15.420000
26/04/2017;15.490000
27/04/2017;15.420000
28/04/2017;15.400000
02/05/2017;15.300000
03/05/2017;15.290000
04/05/2017;15.310000
05/05/2017;15.370000
08/05/2017;15.470000
09/05/2017;15.525000
10/05/2017;15.510000
11/05/2017;15.435000
12/05/2017;15.440000
15/05/2017;15.530000
16/05/2017;15.580000
17/05/2017;15.610000
18/05/2017;16.000000
19/05/2017;16.050000
22/05/2017;16.185000
23/05/2017;16.090000
24/05/2017;16.090000
26/05/2017;16.010000
29/05/2017;16.030000
30/05/2017;16.150000
31/05/2017;16.100000
01/06/2017;16.060000
02/06/2017;16.000000
05/06/2017;15.995000
06/06/2017;16.010000
07/06/2017;15.990000
08/06/2017;15.900000
09/06/2017;15.920000
12/06/2017;15.925000
13/06/2017;15.890000
14/06/2017;15.878000
15/06/2017;15.980000
16/06/2017;16.040000
19/06/2017;16.150000
21/06/2017;16.220000
22/06/2017;16.145000
23/06/2017;16.175000
26/06/2017;16.320000
27/06/2017;16.400000
28/06/2017;16.450000
29/06/2017;16.500000
30/06/2017;16.630000
03/07/2017;16.800000
04/07/2017;16.930000
05/07/2017;17.140000
06/07/2017;17.080000
07/07/2017;16.980000
10/07/2017;16.995000
11/07/2017;17.000000
12/07/2017;16.949000
13/07/2017;16.950000
14/07/2017;16.850000
17/07/2017;16.930000
18/07/2017;17.200000
19/07/2017;17.150000
20/07/2017;17.200000
21/07/2017;17.420000
24/07/2017;17.430000
25/07/2017;17.480000
26/07/2017;17.500000
27/07/2017;17.640000
28/07/2017;17.790000
31/07/2017;17.640000
01/08/2017;17.584000
02/08/2017;17.600000
03/08/2017;17.670000
04/08/2017;17.670000
07/08/2017;17.700000
08/08/2017;17.723000
09/08/2017;17.700000
10/08/2017;17.710000
11/08/2017;17.710000
14/08/2017;17.130000
15/08/2017;17.070000
16/08/2017;17.210000
17/08/2017;17.360000
18/08/2017;17.270000
22/08/2017;17.210000
23/08/2017;17.230000
24/08/2017;17.210000
25/08/2017;17.220000
28/08/2017;17.230000
29/08/2017;17.395000
30/08/2017;17.390000
31/08/2017;17.310000
01/09/2017;17.200000
04/09/2017;17.230000
05/09/2017;17.240000
06/09/2017;17.215000
07/09/2017;17.200000
08/09/2017;17.200000
11/09/2017;17.150000
12/09/2017;17.070000
13/09/2017;17.070000
14/09/2017;16.990000
15/09/2017;16.975000
18/09/2017;17.115000
19/09/2017;17.140000
20/09/2017;17.190000
21/09/2017;17.270000
22/09/2017;17.310000
25/09/2017;17.510000
26/09/2017;17.580000
27/09/2017;17.560000
28/09/2017;17.490000
29/09/2017;17.310000
02/10/2017;17.415000
03/10/2017;17.415000
04/10/2017;17.357000
05/10/2017;17.405000
06/10/2017;17.445000
09/10/2017;17.460000
10/10/2017;17.425000
11/10/2017;17.418000
12/10/2017;17.415000
13/10/2017;17.344000
17/10/2017;17.335000
18/10/2017;17.350000
19/10/2017;17.450000
20/10/2017;17.420000
23/10/2017;17.415000
24/10/2017;17.500000
25/10/2017;17.490000
26/10/2017;17.660000
27/10/2017;17.625000
30/10/2017;17.700000
31/10/2017;17.655000
01/11/2017;17.610000
02/11/2017;17.520000
03/11/2017;17.640000
07/11/2017;17.650000
08/11/2017;17.520000
09/11/2017;17.515000
10/11/2017;17.495000
13/11/2017;17.500000
14/11/2017;17.500000
15/11/2017;17.500000
16/11/2017;17.484000
17/11/2017;17.485000
21/11/2017;17.490000
22/11/2017;17.430000
23/11/2017;17.420000
24/11/2017;17.350000
27/11/2017;17.320000
28/11/2017;17.365000
29/11/2017;17.425000
30/11/2017;17.305000
01/12/2017;17.230000
04/12/2017;17.355000
05/12/2017;17.290000
06/12/2017;17.255000
07/12/2017;17.280000
11/12/2017;17.240000
12/12/2017;17.350000
13/12/2017;17.310000
14/12/2017;17.450000
15/12/2017;17.515000
18/12/2017;17.570000
19/12/2017;17.570000
20/12/2017;17.760000
21/12/2017;17.955000
22/12/2017;18.070000
26/12/2017;18.335000
27/12/2017;18.436000
28/12/2017;19.200000
29/12/2017;18.649000
02/01/2018;18.410000
03/01/2018;18.445000
04/01/2018;18.630000
05/01/2018;18.860000
08/01/2018;19.030000
09/01/2018;18.930000
10/01/2018;18.620000
11/01/2018;18.710000
12/01/2018;18.690000
15/01/2018;18.770000
16/01/2018;18.900000
17/01/2018;18.850000
18/01/2018;18.870000
19/01/2018;18.995000
22/01/2018;19.146000
23/01/2018;19.335000
24/01/2018;19.650000
25/01/2018;19.560000
26/01/2018;19.570000
29/01/2018;19.580000
30/01/2018;19.635000
31/01/2018;19.650000
01/02/2018;19.380000
02/02/2018;19.495000
05/02/2018;19.480000
06/02/2018;19.560000
07/02/2018;19.695000
08/02/2018;19.970000
09/02/2018;19.980000
14/02/2018;19.900000
15/02/2018;19.660000
16/02/2018;19.760000
19/02/2018;19.900000
20/02/2018;19.850000
21/02/2018;19.925000
22/02/2018;19.950000
23/02/2018;19.980000
26/02/2018;20.200000
27/02/2018;20.200000
28/02/2018;20.110000
01/03/2018;20.151000
02/03/2018;20.270000
05/03/2018;20.210000
06/03/2018;20.340000
07/03/2018;20.410000
08/03/2018;20.360000
09/03/2018;20.250000
12/03/2018;20.200000
13/03/2018;20.220000
14/03/2018;20.230000
15/03/2018;20.345000
16/03/2018;20.200000
19/03/2018;20.200000
20/03/2018;20.265000
21/03/2018;20.270000
22/03/2018;20.225000
23/03/2018;20.190000
26/03/2018;20.190000
27/03/2018;20.168000
28/03/2018;20.149000
03/04/2018;20.180000
04/04/2018;20.180000
05/04/2018;20.200000
06/04/2018;20.180000
09/04/2018;20.190000
10/04/2018;20.160000
11/04/2018;20.168000
12/04/2018;20.210000
13/04/2018;20.220000
16/04/2018;20.220000
17/04/2018;20.180000
18/04/2018;20.135000
19/04/2018;20.160000
20/04/2018;20.190000
23/04/2018;20.260000
24/04/2018;20.260000
25/04/2018;20.252000
26/04/2018;20.550000
27/04/2018;20.540000
02/05/2018;21.200000
03/05/2018;23.000000
04/05/2018;21.800000
07/05/2018;21.960000
08/05/2018;22.400000
09/05/2018;22.720000
10/05/2018;22.690000
11/05/2018;23.260000
14/05/2018;24.990000
15/05/2018;24.050000
16/05/2018;24.290000
17/05/2018;24.320000
18/05/2018;24.430000
21/05/2018;24.389000
22/05/2018;24.280000
23/05/2018;24.475000
24/05/2018;24.600000
28/05/2018;24.710000
29/05/2018;24.840000
30/05/2018;24.930000
31/05/2018;24.960000
01/06/2018;24.975000
04/06/2018;24.970000
05/06/2018;24.960000
06/06/2018;24.900000
07/06/2018;24.985000
08/06/2018;25.310000
11/06/2018;26.000000
12/06/2018;25.750000
13/06/2018;26.000000
14/06/2018;27.700000
15/06/2018;28.350000
18/06/2018;27.580000
19/06/2018;27.760000
21/06/2018;27.500000
22/06/2018;27.010000
25/06/2018;27.090000
26/06/2018;27.100000
27/06/2018;27.440000
28/06/2018;28.100000
29/06/2018;28.850000
02/07/2018;28.300000
03/07/2018;27.800000
04/07/2018;28.070000
05/07/2018;28.050000
06/07/2018;27.900000
10/07/2018;27.370000
11/07/2018;27.390000
12/07/2018;27.230000
13/07/2018;27.210000
16/07/2018;27.360000
17/07/2018;27.550000
18/07/2018;27.598000
19/07/2018;27.759000
20/07/2018;27.580000
23/07/2018;27.620000
24/07/2018;27.480000
25/07/2018;27.390000
26/07/2018;27.410000
27/07/2018;27.325000
30/07/2018;27.255000
31/07/2018;27.410000
01/08/2018;27.525000
02/08/2018;27.450000
03/08/2018;27.290000
06/08/2018;27.330000
07/08/2018;27.395000
08/08/2018;27.650000
09/08/2018;28.110000
10/08/2018;29.250000
13/08/2018;29.925000
14/08/2018;29.610000
15/08/2018;30.000000
16/08/2018;29.840000
17/08/2018;29.850000
21/08/2018;30.000000
22/08/2018;30.250000
23/08/2018;30.490000
24/08/2018;30.900000
27/08/2018;30.970000
28/08/2018;31.350000
29/08/2018;34.000000
30/08/2018;37.600000
31/08/2018;36.850000
03/09/2018;37.400000
04/09/2018;38.880000
05/09/2018;38.400000
06/09/2018;37.350000
07/09/2018;36.990000
10/09/2018;37.380000
11/09/2018;37.941000
12/09/2018;38.250000
13/09/2018;39.550000
14/09/2018;39.860000
17/09/2018;39.530000
18/09/2018;39.731000
19/09/2018;39.210000
20/09/2018;38.200000
21/09/2018;37.150000
24/09/2018;37.300000
25/09/2018;38.100000
26/09/2018;38.510000
27/09/2018;39.700000
28/09/2018;41.250000
01/10/2018;39.600000
02/10/2018;38.100000
03/10/2018;37.690000
04/10/2018;38.300000
05/10/2018;37.840000
08/10/2018;37.420000
09/10/2018;37.120000
10/10/2018;37.250000
11/10/2018;36.570000
12/10/2018;36.750000
16/10/2018;36.000000
17/10/2018;36.180000
18/10/2018;36.650000
19/10/2018;36.540000
22/10/2018;36.460000
23/10/2018;36.590000
24/10/2018;37.000000
25/10/2018;36.790000
26/10/2018;36.840000
29/10/2018;36.900000
30/10/2018;36.710000
31/10/2018;35.950000
01/11/2018;35.670000
02/11/2018;35.490000
05/11/2018;35.650000
07/11/2018;35.670000
08/11/2018;35.500000
09/11/2018;35.400000
12/11/2018;35.580000
13/11/2018;36.050000
14/11/2018;35.900000
15/11/2018;36.050000
16/11/2018;35.930000
20/11/2018;36.180000
21/11/2018;36.255000
22/11/2018;36.500000
23/11/2018;37.600000
26/11/2018;39.050000
27/11/2018;38.550000
28/11/2018;38.460000
29/11/2018;37.720000
03/12/2018;36.500000
04/12/2018;37.400000
05/12/2018;37.450000
06/12/2018;37.700000
07/12/2018;37.400000
10/12/2018;37.660000
11/12/2018;37.810000
12/12/2018;37.590000
13/12/2018;37.830000
14/12/2018;38.170000
17/12/2018;38.260000
18/12/2018;38.260000
19/12/2018;38.370000
20/12/2018;38.050000
21/12/2018;37.975000
26/12/2018;38.600000
27/12/2018;38.300000
28/12/2018;37.700000
31/12/2018;37.700000
02/01/2019;37.650000
03/01/2019;37.450000
04/01/2019;37.370000
07/01/2019;37.305000
08/01/2019;37.600000
09/01/2019;37.370000
10/01/2019;37.080000
11/01/2019;36.900000
14/01/2019;37.000000
15/01/2019;37.100000
16/01/2019;37.500000
17/01/2019;37.710000
18/01/2019;37.580000
21/01/2019;37.700000
22/01/2019;37.530000
23/01/2019;37.560000
24/01/2019;37.400000
25/01/2019;37.030000
28/01/2019;37.150000
29/01/2019;37.700000
30/01/2019;37.510000
31/01/2019;37.350000
01/02/2019;37.170000
04/02/2019;37.190000
05/02/2019;37.200000
06/02/2019;37.520000
07/02/2019;37.820000
08/02/2019;37.850000
11/02/2019;37.910000
12/02/2019;37.990000
13/02/2019;38.220000
14/02/2019;38.220000
15/02/2019;38.620000
18/02/2019;38.800000
19/02/2019;39.270000
20/02/2019;39.670000
21/02/2019;39.530000
22/02/2019;39.220000
25/02/2019;39.049000
26/02/2019;38.870000
27/02/2019;38.820000
28/02/2019;39.150000
01/03/2019;39.810000
06/03/2019;40.750000
07/03/2019;42.500000
08/03/2019;41.200000
11/03/2019;41.300000
12/03/2019;41.500000
13/03/2019;41.200000
14/03/2019;40.770000
15/03/2019;40.000000
18/03/2019;40.000000
19/03/2019;40.500000
20/03/2019;40.850000
21/03/2019;41.050000
22/03/2019;41.800000
25/03/2019;42.080000
26/03/2019;42.640000
27/03/2019;43.870000
28/03/2019;43.630000
29/03/2019;43.350000
01/04/2019;42.710000
03/04/2019;42.870000
04/04/2019;43.410000
05/04/2019;43.930000
08/04/2019;43.700000
09/04/2019;43.350000
10/04/2019;43.010000
11/04/2019;42.750000
12/04/2019;42.180000
15/04/2019;41.620000
16/04/2019;42.390000
17/04/2019;41.900000
22/04/2019;42.480000
23/04/2019;42.400000
24/04/2019;43.950000
25/04/2019;44.900000
26/04/2019;45.970000
29/04/2019;44.325000
30/04/2019;44.150000
02/05/2019;44.800000
03/05/2019;44.440000
06/05/2019;44.650000
07/05/2019;45.330000
08/05/2019;45.100000
09/05/2019;45.250000
10/05/2019;44.800000
13/05/2019;45.100000
14/05/2019;44.970000
15/05/2019;45.000000
16/05/2019;44.790000
17/05/2019;45.000000
20/05/2019;45.190000
21/05/2019;44.770000
22/05/2019;44.900000
23/05/2019;45.090000
24/05/2019;44.820000
27/05/2019;44.850000
28/05/2019;44.690000
29/05/2019;44.450000
30/05/2019;44.550000
31/05/2019;44.760000
03/06/2019;44.870000
04/06/2019;44.710000
05/06/2019;44.900000
06/06/2019;44.930000
07/06/2019;44.850000
10/06/2019;44.900000
11/06/2019;44.700000
12/06/2019;43.670000
13/06/2019;43.370000
14/06/2019;43.970000
18/06/2019;43.480000
19/06/2019;43.300000
21/06/2019;42.790000
24/06/2019;42.440000
25/06/2019;42.380000
26/06/2019;42.730000
27/06/2019;42.700000
28/06/2019;42.463000
01/07/2019;42.370000
02/07/2019;42.200000
03/07/2019;42.030000
04/07/2019;41.840000
05/07/2019;41.850000
10/07/2019;41.820000
11/07/2019;41.700000
12/07/2019;41.600000
15/07/2019;42.400000
16/07/2019;42.660000
17/07/2019;42.500000
18/07/2019;42.450000
19/07/2019;42.420000
22/07/2019;42.450000
23/07/2019;42.660000
24/07/2019;42.870000
25/07/2019;43.370000
26/07/2019;43.350000
29/07/2019;43.830000
30/07/2019;43.930000
31/07/2019;43.880000
01/08/2019;44.360000
02/08/2019;44.650000
05/08/2019;45.490000
06/08/2019;45.300000
07/08/2019;45.590000
08/08/2019;45.220000
09/08/2019;45.250000
12/08/2019;53.000000
13/08/2019;55.800000
14/08/2019;60.400000
15/08/2019;57.250000
16/08/2019;55.000000
20/08/2019;54.750000
21/08/2019;55.020000
22/08/2019;55.090000
23/08/2019;55.150000
26/08/2019;55.290000
27/08/2019;56.300000
28/08/2019;58.100000
29/08/2019;57.900000
30/08/2019;59.510000
02/09/2019;56.000000
03/09/2019;55.980000
04/09/2019;56.000000
05/09/2019;56.010000
06/09/2019;55.820000
09/09/2019;56.020000
10/09/2019;56.010000
11/09/2019;56.180000
12/09/2019;56.100000
13/09/2019;56.110000
16/09/2019;56.280000
17/09/2019;56.500000
18/09/2019;56.520000
19/09/2019;56.570000
20/09/2019;56.670000
23/09/2019;56.920000
24/09/2019;56.870000
25/09/2019;57.050000
26/09/2019;57.210000
27/09/2019;57.320000
30/09/2019;57.590000
01/10/2019;57.640000
02/10/2019;57.820000
03/10/2019;57.730000
04/10/2019;57.730000
07/10/2019;57.840000
08/10/2019;57.850000
09/10/2019;57.990000
10/10/2019;57.980000
11/10/2019;58.050000
15/10/2019;58.270000
16/10/2019;58.348000
17/10/2019;58.319000
18/10/2019;58.350000
21/10/2019;58.510000
22/10/2019;58.650000
23/10/2019;59.000000
24/10/2019;59.450000
25/10/2019;59.990000
28/10/2019;59.500000
29/10/2019;59.470000
30/10/2019;59.720000
31/10/2019;59.670000
01/11/2019;59.750000
04/11/2019;59.700000
05/11/2019;59.650000
07/11/2019;59.600000
08/11/2019;59.500000
11/11/2019;59.950000
12/11/2019;59.700000
13/11/2019;59.720000
14/11/2019;59.720000
15/11/2019;59.670000
19/11/2019;59.690000
20/11/2019;59.730000
21/11/2019;59.800000
22/11/2019;59.770000
25/11/2019;59.710000
26/11/2019;59.940000
27/11/2019;59.770000
28/11/2019;59.850000
29/11/2019;59.940000
02/12/2019;59.975000
03/12/2019;59.925000
04/12/2019;59.880000
05/12/2019;59.985000
06/12/2019;59.940000
09/12/2019;59.945000
10/12/2019;59.850000
11/12/2019;59.815000
12/12/2019;59.815000
13/12/2019;59.816000
16/12/2019;59.815000
17/12/2019;59.815000
18/12/2019;59.815000
19/12/2019;59.815000
20/12/2019;59.815000
23/12/2019;59.990000
26/12/2019;59.890000
27/12/2019;59.830000
30/12/2019;59.890000
31/12/2019;59.890000
02/01/2020;59.815000
03/01/2020;59.815000
06/01/2020;59.815000
07/01/2020;59.815000
08/01/2020;59.815000
09/01/2020;59.815000
10/01/2020;59.816000
13/01/2020;59.950000
14/01/2020;60.060000
15/01/2020;59.950000
16/01/2020;59.975000
17/01/2020;60.005000
20/01/2020;60.060000
21/01/2020;60.100000
22/01/2020;60.070000
23/01/2020;60.080000
24/01/2020;60.091000
27/01/2020;60.170000
28/01/2020;60.180000
29/01/2020;60.230000
30/01/2020;60.250000
31/01/2020;60.350000
03/02/2020;60.470000
04/02/2020;60.580000
05/02/2020;60.590000
06/02/2020;60.690000
07/02/2020;60.780000
10/02/2020;60.978000
11/02/2020;61.119000
12/02/2020;61.229000
13/02/2020;61.389000
14/02/2020;61.459000
17/02/2020;61.669000
18/02/2020;61.662000
19/02/2020;61.729000
20/02/2020;61.789000
21/02/2020;61.839000
26/02/2020;62.089000
27/02/2020;62.139000
28/02/2020;62.210000
02/03/2020;62.259000
03/03/2020;62.309000
04/03/2020;62.359000
05/03/2020;62.419000
06/03/2020;62.480000
09/03/2020;62.530000
10/03/2020;62.589000
11/03/2020;62.670000
12/03/2020;62.819000
13/03/2020;62.899000
16/03/2020;63.039000
17/03/2020;63.179000
18/03/2020;63.330000
19/03/2020;63.549000
20/03/2020;63.770000
25/03/2020;64.050000
26/03/2020;64.229000
27/03/2020;64.409000
30/03/2020;64.469000
01/04/2020;64.529000
02/04/2020;64.720000
03/04/2020;64.910000
06/04/2020;64.990000
07/04/2020;65.069000
08/04/2020;65.160000
13/04/2020;65.380000
14/04/2020;65.500000
15/04/2020;65.619000
16/04/2020;65.740000
17/04/2020;65.860000
20/04/2020;65.980000
21/04/2020;66.090000
22/04/2020;66.230000
23/04/2020;66.320000
24/04/2020;66.430000
27/04/2020;66.530000
28/04/2020;66.630000
29/04/2020;66.750000
30/04/2020;66.840000
04/05/2020;66.930000
05/05/2020;67.000000
06/05/2020;67.100000
07/05/2020;67.190000
08/05/2020;67.270000
11/05/2020;67.370000
12/05/2020;67.460000
13/05/2020;67.540000
14/05/2020;67.640000
15/05/2020;67.730000
18/05/2020;67.820000
19/05/2020;67.900000
20/05/2020;68.000000
21/05/2020;68.090000
22/05/2020;68.180000
26/05/2020;68.270000
27/05/2020;68.360000
28/05/2020;68.450000
29/05/2020;68.540000
01/06/2020;68.630000
02/06/2020;68.710000
03/06/2020;68.810000
04/06/2020;68.900000
05/06/2020;68.990000
08/06/2020;69.080000
09/06/2020;69.170000
10/06/2020;69.260000
11/06/2020;69.310000
12/06/2020;69.370000
16/06/2020;69.610000
17/06/2020;69.670000
18/06/2020;69.740000
19/06/2020;69.800000
22/06/2020;69.970000
23/06/2020;70.030000
24/06/2020;70.100000
25/06/2020;70.160000
26/06/2020;70.220000
29/06/2020;70.400000
30/06/2020;70.460000
01/07/2020;70.520000
02/07/2020;70.580000
03/07/2020;70.640000
06/07/2020;70.820000
07/07/2020;70.870000
08/07/2020;70.940000
13/07/2020;71.240000
14/07/2020;71.300000
15/07/2020;71.360000
16/07/2020;71.420000
17/07/2020;71.480000
20/07/2020;71.660000
21/07/2020;71.720000
22/07/2020;71.780000
23/07/2020;71.840000
24/07/2020;71.900000
27/07/2020;72.080000
28/07/2020;72.140000
29/07/2020;72.200000
30/07/2020;72.260000
31/07/2020;72.320000
03/08/2020;72.520000
04/08/2020;72.570000
05/08/2020;72.620000
06/08/2020;72.700000
07/08/2020;72.770000
10/08/2020;72.950000
11/08/2020;73.000000
12/08/2020;73.050000
13/08/2020;73.110000
14/08/2020;73.160000
18/08/2020;73.400000
19/08/2020;73.480000
20/08/2020;73.530000
21/08/2020;73.580000
24/08/2020;73.730000
25/08/2020;73.810000
26/08/2020;73.860000
27/08/2020;73.940000
28/08/2020;74.000000
31/08/2020;74.180000
01/09/2020;74.250000
02/09/2020;74.320000
03/09/2020;74.380000
04/09/2020;74.440000
07/09/2020;74.650000
08/09/2020;74.710000
09/09/2020;74.770000
10/09/2020;74.840000
11/09/2020;74.910000
14/09/2020;75.120000
15/09/2020;75.190000
16/09/2020;75.250000
17/09/2020;75.320000
18/09/2020;75.380000
21/09/2020;75.590000
22/09/2020;75.650000
23/09/2020;75.720000
24/09/2020;75.780000
25/09/2020;75.850000
28/09/2020;76.060000
29/09/2020;76.120000
30/09/2020;76.180000
01/10/2020;76.250000
02/10/2020;76.950000
05/10/2020;77.010000
06/10/2020;77.080000
07/10/2020;77.110000
08/10/2020;77.110000
09/10/2020;77.150000
13/10/2020;77.430000
14/10/2020;77.480000
15/10/2020;77.470000
16/10/2020;77.520000
19/10/2020;77.580000
20/10/2020;77.680000
21/10/2020;77.750000
22/10/2020;78.080000
23/10/2020;78.130000
26/10/2020;78.260000
27/10/2020;78.300000
28/10/2020;78.310000
29/10/2020;78.300000
30/10/2020;78.320000
02/11/2020;78.690000
03/11/2020;78.930000
04/11/2020;79.030000
05/11/2020;79.100000
09/11/2020;79.350000
10/11/2020;79.430000
11/11/2020;79.490000
12/11/2020;79.560000
13/11/2020;79.750000
16/11/2020;79.970000
17/11/2020;80.040000
18/11/2020;80.150000
19/11/2020;80.280000
20/11/2020;80.350000
24/11/2020;80.700000
25/11/2020;80.790000
26/11/2020;80.890000
27/11/2020;81.070000
30/11/2020;81.310000
01/12/2020;81.430000
02/12/2020;81.490000
03/12/2020;81.560000
04/12/2020;81.650000
09/12/2020;82.040000
10/12/2020;82.130000
11/12/2020;82.210000
14/12/2020;82.450000
15/12/2020;82.530000
16/12/2020;82.620000
17/12/2020;82.710000
18/12/2020;82.840000
21/12/2020;83.150000
22/12/2020;83.250000
23/12/2020;83.360000
28/12/2020;83.900000
29/12/2020;84.020000
30/12/2020;84.150000
31/12/2020;84.150000
04/01/2021;84.700000
05/01/2021;84.810000
06/01/2021;84.910000
07/01/2021;85.000000
08/01/2021;85.120000
11/01/2021;85.370000
12/01/2021;85.470000
13/01/2021;85.550000
14/01/2021;85.640000
15/01/2021;85.740000
18/01/2021;86.080000
19/01/2021;86.210000
20/01/2021;86.350000
21/01/2021;86.430000
22/01/2021;86.570000
25/01/2021;86.900000
26/01/2021;87.020000
27/01/2021;87.110000
28/01/2021;87.200000
29/01/2021;87.330000
01/02/2021;87.600000
02/02/2021;87.700000
03/02/2021;87.800000
04/02/2021;87.910000
05/02/2021;88.000000
08/02/2021;88.170000
09/02/2021;88.260000
10/02/2021;88.360000
11/02/2021;88.450000
12/02/2021;88.540000
17/02/2021;88.940000
18/02/2021;89.060000
19/02/2021;89.140000
22/02/2021;89.430000
23/02/2021;89.530000
24/02/2021;89.680000
25/02/2021;89.750000
26/02/2021;89.820000
01/03/2021;90.090000
02/03/2021;90.150000
03/03/2021;90.230000
04/03/2021;90.290000
05/03/2021;90.370000
08/03/2021;90.570000
09/03/2021;90.660000
10/03/2021;90.720000
11/03/2021;90.780000
12/03/2021;90.850000
15/03/2021;91.060000
16/03/2021;91.130000
17/03/2021;91.200000
18/03/2021;91.300000
19/03/2021;91.360000
22/03/2021;91.570000
23/03/2021;91.640000
25/03/2021;91.770000
26/03/2021;91.840000
29/03/2021;91.910000
30/03/2021;91.960000
31/03/2021;92.000000
05/04/2021;92.240000
06/04/2021;92.280000
07/04/2021;92.330000
08/04/2021;92.380000
09/04/2021;92.440000
12/04/2021;92.580000
13/04/2021;92.620000
14/04/2021;92.670000
15/04/2021;92.720000
16/04/2021;92.810000
19/04/2021;92.920000
20/04/2021;92.970000
21/04/2021;93.030000
22/04/2021;93.070000
23/04/2021;93.120000
26/04/2021;93.270000
27/04/2021;93.330000
28/04/2021;93.440000
29/04/2021;93.500000
30/04/2021;93.560000
03/05/2021;93.670000
04/05/2021;93.710000
05/05/2021;93.750000
06/05/2021;93.790000
07/05/2021;93.850000
10/05/2021;93.930000
11/05/2021;93.950000
12/05/2021;93.980000
13/05/2021;94.010000
14/05/2021;94.040000
17/05/2021;94.130000
18/05/2021;94.160000
19/05/2021;94.200000
20/05/2021;94.240000
21/05/2021;94.270000
26/05/2021;94.480000
27/05/2021;94.530000
28/05/2021;94.560000
31/05/2021;94.730000
01/06/2021;94.730000
02/06/2021;94.770000
03/06/2021;94.810000
04/06/2021;94.860000
07/06/2021;94.980000
08/06/2021;95.010000
09/06/2021;95.050000
10/06/2021;95.110000
11/06/2021;95.130000
14/06/2021;95.250000
15/06/2021;95.300000
16/06/2021;95.310000
17/06/2021;95.370000
18/06/2021;95.370000
22/06/2021;95.490000
23/06/2021;95.530000
24/06/2021;95.550000
25/06/2021;95.600000
28/06/2021;95.690000
29/06/2021;95.710000
30/06/2021;95.720000
01/07/2021;95.760000
02/07/2021;95.790000
05/07/2021;95.880000
06/07/2021;95.910000
07/07/2021;95.940000
08/07/2021;95.990000
12/07/2021;96.090000
13/07/2021;96.120000
14/07/2021;96.160000
15/07/2021;96.180000
16/07/2021;96.220000
19/07/2021;96.310000
20/07/2021;96.340000
21/07/2021;96.360000
22/07/2021;96.410000
23/07/2021;96.420000
26/07/2021;96.540000
27/07/2021;96.570000
28/07/2021;96.610000
29/07/2021;96.640000
30/07/2021;96.690000
02/08/2021;96.790000
03/08/2021;96.810000
04/08/2021;96.830000
05/08/2021;96.890000
06/08/2021;96.900000
09/08/2021;97.000000
10/08/2021;97.030000
11/08/2021;97.040000
12/08/2021;97.070000
13/08/2021;97.110000
17/08/2021;97.250000
18/08/2021;97.250000
19/08/2021;97.280000
20/08/2021;97.310000
23/08/2021;97.400000
24/08/2021;97.450000
25/08/2021;97.480000
26/08/2021;97.530000
27/08/2021;97.560000
30/08/2021;97.710000
31/08/2021;97.740000
01/09/2021;97.780000
02/09/2021;97.830000
03/09/2021;97.860000
06/09/2021;97.950000
07/09/2021;97.990000
08/09/2021;98.010000
09/09/2021;98.050000
10/09/2021;98.090000
13/09/2021;98.190000
14/09/2021;98.210000
15/09/2021;98.250000
16/09/2021;98.300000
17/09/2021;98.360000
20/09/2021;98.460000
21/09/2021;98.470000
22/09/2021;98.490000
23/09/2021;98.540000
24/09/2021;98.560000
27/09/2021;98.630000
28/09/2021;98.660000
29/09/2021;98.720000
30/09/2021;98.740000
01/10/2021;98.790000
04/10/2021;98.860000
05/10/2021;98.890000
06/10/2021;98.920000
07/10/2021;98.940000
12/10/2021;99.090000
13/10/2021;99.120000
14/10/2021;99.160000
15/10/2021;99.180000
18/10/2021;99.270000
19/10/2021;99.310000
20/10/2021;99.350000
21/10/2021;99.370000
22/10/2021;99.390000
25/10/2021;99.480000
26/10/2021;99.560000
27/10/2021;99.650000
28/10/2021;99.690000
29/10/2021;99.720000
01/11/2021;99.810000
02/11/2021;99.860000
03/11/2021;99.910000
04/11/2021;99.960000
05/11/2021;99.940000
08/11/2021;100.080000
09/11/2021;100.110000
10/11/2021;100.150000
11/11/2021;100.170000
12/11/2021;100.220000
15/11/2021;100.270000
16/11/2021;100.290000
17/11/2021;100.350000
18/11/2021;100.410000
19/11/2021;100.460000
23/11/2021;100.570000
24/11/2021;100.620000
25/11/2021;100.680000
26/11/2021;100.800000
29/11/2021;100.940000
30/11/2021;100.960000
01/12/2021;101.000000
02/12/2021;101.100000
03/12/2021;101.160000
06/12/2021;101.280000
07/12/2021;101.420000
09/12/2021;101.540000
10/12/2021;101.550000
13/12/2021;101.700000
14/12/2021;101.780000
15/12/2021;101.820000
16/12/2021;101.900000
17/12/2021;101.980000
20/12/2021;102.130000
21/12/2021;102.240000
22/12/2021;102.260000
23/12/2021;102.300000
27/12/2021;102.540000
28/12/2021;102.620000
29/12/2021;102.680000
30/12/2021;102.720000
31/12/2021;102.720000
03/01/2022;103.000000
04/01/2022;103.090000
05/01/2022;103.140000
06/01/2022;103.240000
07/01/2022;103.280000
10/01/2022;103.510000
11/01/2022;103.560000
12/01/2022;103.680000
13/01/2022;103.770000
14/01/2022;103.840000
17/01/2022;104.100000
18/01/2022;104.170000
19/01/2022;104.240000
20/01/2022;104.310000
21/01/2022;104.340000
24/01/2022;104.530000
25/01/2022;104.620000
26/01/2022;104.700000
27/01/2022;104.770000
28/01/2022;104.840000
31/01/2022;105.020000
01/02/2022;105.120000
02/02/2022;105.200000
03/02/2022;105.310000
04/02/2022;105.410000
07/02/2022;105.680000
08/02/2022;105.820000
09/02/2022;105.890000
10/02/2022;106.010000
11/02/2022;106.150000
14/02/2022;106.360000
15/02/2022;106.470000
16/02/2022;106.580000
17/02/2022;106.670000
18/02/2022;106.780000
21/02/2022;107.040000
22/02/2022;107.190000
23/02/2022;107.280000
24/02/2022;107.380000
25/02/2022;107.450000
02/03/2022;107.930000
03/03/2022;108.030000
04/03/2022;108.130000
07/03/2022;108.440000
08/03/2022;108.560000
09/03/2022;108.680000
10/03/2022;108.770000
11/03/2022;108.880000
14/03/2022;109.200000
15/03/2022;109.320000
16/03/2022;109.410000
17/03/2022;109.510000
18/03/2022;109.700000
21/03/2022;109.970000
22/03/2022;110.070000
23/03/2022;110.180000
25/03/2022;110.380000
28/03/2022;110.680000
29/03/2022;110.820000
30/03/2022;110.890000
31/03/2022;111.010000
01/04/2022;111.120000
04/04/2022;111.570000
05/04/2022;111.700000
06/04/2022;111.830000
07/04/2022;111.970000
08/04/2022;112.160000
11/04/2022;112.580000
12/04/2022;112.760000
13/04/2022;112.970000
18/04/2022;113.630000
19/04/2022;113.780000
20/04/2022;113.960000
21/04/2022;114.090000
22/04/2022;114.230000
25/04/2022;114.680000
26/04/2022;114.850000
27/04/2022;115.040000
28/04/2022;115.180000
29/04/2022;115.310000
02/05/2022;115.730000
03/05/2022;115.870000
04/05/2022;116.020000
05/05/2022;116.160000
06/05/2022;116.300000
09/05/2022;116.750000
10/05/2022;116.930000
11/05/2022;117.080000
12/05/2022;117.250000
13/05/2022;117.430000
16/05/2022;117.860000
17/05/2022;118.070000
19/05/2022;118.340000
20/05/2022;118.480000
23/05/2022;118.940000
24/05/2022;119.110000
26/05/2022;119.410000
27/05/2022;119.550000
30/05/2022;120.010000
31/05/2022;120.200000
01/06/2022;120.320000
02/06/2022;120.460000
03/06/2022;120.680000
06/06/2022;121.110000
07/06/2022;121.290000
08/06/2022;121.450000
09/06/2022;121.620000
10/06/2022;121.790000
13/06/2022;122.300000
14/06/2022;122.500000
15/06/2022;122.700000
16/06/2022;122.920000
21/06/2022;123.670000
22/06/2022;123.850000
23/06/2022;124.100000
24/06/2022;124.240000
27/06/2022;124.710000
28/06/2022;124.870000
29/06/2022;125.040000
30/06/2022;125.230000
01/07/2022;125.450000
04/07/2022;125.950000
05/07/2022;126.200000
06/07/2022;126.390000
07/07/2022;126.560000
08/07/2022;126.800000
11/07/2022;127.350000
12/07/2022;127.590000
13/07/2022;127.820000
14/07/2022;128.000000
15/07/2022;128.250000
18/07/2022;128.910000
19/07/2022;129.140000
20/07/2022;129.380000
21/07/2022;129.580000
22/07/2022;129.740000
25/07/2022;130.400000
26/07/2022;130.680000
27/07/2022;130.910000
28/07/2022;131.120000
29/07/2022;131.270000
01/08/2022;131.890000
02/08/2022;132.200000
03/08/2022;132.420000
04/08/2022;132.640000
05/08/2022;132.890000
08/08/2022;133.570000
09/08/2022;133.850000
10/08/2022;134.050000
11/08/2022;134.270000
12/08/2022;134.590000
16/08/2022;135.330000
17/08/2022;135.530000
18/08/2022;135.800000
19/08/2022;136.170000
22/08/2022;136.640000
23/08/2022;136.950000
24/08/2022;137.150000
25/08/2022;137.400000
26/08/2022;137.700000
29/08/2022;138.320000
30/08/2022;138.600000
31/08/2022;138.730000
01/09/2022;139.030000
05/09/2022;140.280000
06/09/2022;140.560000
07/09/2022;140.800000
08/09/2022;141.150000
09/09/2022;141.380000
12/09/2022;142.280000
13/09/2022;142.580000
14/09/2022;142.880000
15/09/2022;143.200000
16/09/2022;143.520000
19/09/2022;144.370000
20/09/2022;144.640000
21/09/2022;144.890000
22/09/2022;145.160000
23/09/2022;145.440000
26/09/2022;146.260000
27/09/2022;146.570000
28/09/2022;146.860000
29/09/2022;147.070000
30/09/2022;147.320000
03/10/2022;148.230000
04/10/2022;148.590000
05/10/2022;148.880000
06/10/2022;149.200000
11/10/2022;150.690000
12/10/2022;151.040000
13/10/2022;151.300000
14/10/2022;151.640000
17/10/2022;152.500000
18/10/2022;152.820000
19/10/2022;153.180000
20/10/2022;153.510000
21/10/2022;153.790000
24/10/2022;154.740000
25/10/2022;155.080000
26/10/2022;155.390000
27/10/2022;155.690000
28/10/2022;156.020000
31/10/2022;156.910000
01/11/2022;157.280000
02/11/2022;157.600000
03/11/2022;157.920000
04/11/2022;158.280000
07/11/2022;159.370000
08/11/2022;159.710000
09/11/2022;160.020000
10/11/2022;160.390000
11/11/2022;160.700000
14/11/2022;161.780000
15/11/2022;162.120000
16/11/2022;162.470000
17/11/2022;162.780000
18/11/2022;163.180000
22/11/2022;164.510000
23/11/2022;164.840000
24/11/2022;165.210000
25/11/2022;165.590000
28/11/2022;166.600000
29/11/2022;166.960000
30/11/2022;167.280000
01/12/2022;167.720000
02/12/2022;168.090000
05/12/2022;169.160000
06/12/2022;169.490000
07/12/2022;169.900000
12/12/2022;171.370000
13/12/2022;171.810000
14/12/2022;172.050000
15/12/2022;172.390000
16/12/2022;172.700000
19/12/2022;173.600000
20/12/2022;173.930000
21/12/2022;174.280000
22/12/2022;174.530000
23/12/2022;174.840000
26/12/2022;175.730000
27/12/2022;176.050000
28/12/2022;176.400000
29/12/2022;176.780000
30/12/2022;177.160000
02/01/2023;178.150000
03/01/2023;178.360000
04/01/2023;178.660000
05/01/2023;178.940000
06/01/2023;179.250000
09/01/2023;180.090000
10/01/2023;180.380000
11/01/2023;180.670000
12/01/2023;180.970000
13/01/2023;181.270000
16/01/2023;182.200000
17/01/2023;182.490000
18/01/2023;182.810000
19/01/2023;183.110000
20/01/2023;183.450000
23/01/2023;184.370000
24/01/2023;184.690000
25/01/2023;185.030000
26/01/2023;185.320000
27/01/2023;185.610000
30/01/2023;186.560000
31/01/2023;187.000000
01/02/2023;187.290000
02/02/2023;187.570000
03/02/2023;188.020000
06/02/2023;189.110000
07/02/2023;189.520000
08/02/2023;189.850000
09/02/2023;190.210000
10/02/2023;190.510000
13/02/2023;191.650000
14/02/2023;191.990000
15/02/2023;192.380000
16/02/2023;192.830000
17/02/2023;193.190000
22/02/2023;194.950000
23/02/2023;195.310000
24/02/2023;195.680000
27/02/2023;196.810000
28/02/2023;197.150000
01/03/2023;197.570000
02/03/2023;197.870000
03/03/2023;198.280000
06/03/2023;199.340000
07/03/2023;199.680000
08/03/2023;199.950000
09/03/2023;200.360000
10/03/2023;200.730000
13/03/2023;201.860000
14/03/2023;202.070000
15/03/2023;202.560000
16/03/2023;202.940000
17/03/2023;203.340000
20/03/2023;204.530000
21/03/2023;205.020000
22/03/2023;205.380000
23/03/2023;205.780000
27/03/2023;207.420000
28/03/2023;207.840000
29/03/2023;208.300000
30/03/2023;208.590000
31/03/2023;209.010000
03/04/2023;210.370000
04/04/2023;210.780000
05/04/2023;211.220000
10/04/2023;213.390000
11/04/2023;213.760000
12/04/2023;214.240000
13/04/2023;214.680000
14/04/2023;215.100000
17/04/2023;216.380000
18/04/2023;216.940000
19/04/2023;217.480000
20/04/2023;217.990000
21/04/2023;218.530000
24/04/2023;220.210000
25/04/2023;220.870000
26/04/2023;221.570000
27/04/2023;222.000000
28/04/2023;222.680000
02/05/2023;224.650000
03/05/2023;225.200000
04/05/2023;225.700000
05/05/2023;226.250000
08/05/2023;227.650000
09/05/2023;228.050000
10/05/2023;228.500000
11/05/2023;229.000000
12/05/2023;229.200000
15/05/2023;230.700000
16/05/2023;231.100000
17/05/2023;231.650000
18/05/2023;232.100000
19/05/2023;232.750000
22/05/2023;234.350000
23/05/2023;234.950000
24/05/2023;235.750000
29/05/2023;238.250000
30/05/2023;238.850000
31/05/2023;239.500000
01/06/2023;240.250000
02/06/2023;240.850000
05/06/2023;242.500000
06/06/2023;243.250000
07/06/2023;243.500000
08/06/2023;244.450000
09/06/2023;244.950000
12/06/2023;246.800000
13/06/2023;247.100000
14/06/2023;248.000000
15/06/2023;248.350000
16/06/2023;249.450000
21/06/2023;251.850000
22/06/2023;252.600000
23/06/2023;253.000000
26/06/2023;254.600000
27/06/2023;255.250000
28/06/2023;255.850000
29/06/2023;256.200000
30/06/2023;256.700000
03/07/2023;257.900000
04/07/2023;259.350000
05/07/2023;259.500000
06/07/2023;260.400000
07/07/2023;261.000000
10/07/2023;262.500000
11/07/2023;263.200000
12/07/2023;264.050000
13/07/2023;264.350000
14/07/2023;265.050000
17/07/2023;266.750000
18/07/2023;267.650000
19/07/2023;267.950000
20/07/2023;268.700000
21/07/2023;269.450000
24/07/2023;271.000000
25/07/2023;271.600000
26/07/2023;272.500000
27/07/2023;273.100000
28/07/2023;273.700000
31/07/2023;275.250000
01/08/2023;276.150000
02/08/2023;277.400000
03/08/2023;278.100000
04/08/2023;279.350000
07/08/2023;283.200000
08/08/2023;284.200000
09/08/2023;285.150000
10/08/2023;286.200000
11/08/2023;287.350000
14/08/2023;349.950000
15/08/2023;350.000000
16/08/2023;349.950000
17/08/2023;349.950000
18/08/2023;349.950000
22/08/2023;349.950000
23/08/2023;349.950000
24/08/2023;350.000000
25/08/2023;350.100000
28/08/2023;349.950000
29/08/2023;350.000000
30/08/2023;350.000000
31/08/2023;350.000000
01/09/2023;350.100000
04/09/2023;350.000000
05/09/2023;350.000000
06/09/2023;350.000000
07/09/2023;349.950000
08/09/2023;349.950000
11/09/2023;349.950000
12/09/2023;349.950000
13/09/2023;350.050000
14/09/2023;350.000000
15/09/2023;350.000000
18/09/2023;350.000000
19/09/2023;349.950000
20/09/2023;350.100000
21/09/2023;350.000000
22/09/2023;350.050000
25/09/2023;350.050000
26/09/2023;350.000000
27/09/2023;350.000000
28/09/2023;350.050000
29/09/2023;349.950000
02/10/2023;350.050000
03/10/2023;350.050000
04/10/2023;350.000000
05/10/2023;350.000000
06/10/2023;350.100000
09/10/2023;350.100000
10/10/2023;350.100000
11/10/2023;350.100000
12/10/2023;349.950000
17/10/2023;350.100000
18/10/2023;350.100000
19/10/2023;349.950000
20/10/2023;349.950000
23/10/2023;349.950000
24/10/2023;349.950000
25/10/2023;350.100000
26/10/2023;349.950000
27/10/2023;349.950000
30/10/2023;349.950000
31/10/2023;350.000000
01/11/2023;349.950000
02/11/2023;350.100000
03/11/2023;350.100000
07/11/2023;350.000000
08/11/2023;349.950000
09/11/2023;349.950000
10/11/2023;349.950000
13/11/2023;349.950000
14/11/2023;350.100000
15/11/2023;352.950000
16/11/2023;353.450000
17/11/2023;353.950000
21/11/2023;355.950000
22/11/2023;356.450000
23/11/2023;356.950000
24/11/2023;357.600000
27/11/2023;359.000000
28/11/2023;359.500000
29/11/2023;360.000000
30/11/2023;360.500000
01/12/2023;361.100000
04/12/2023;362.450000
05/12/2023;363.100000
06/12/2023;363.700000
07/12/2023;385.000000
11/12/2023;365.950000
12/12/2023;366.450000
13/12/2023;799.950000
14/12/2023;800.500000
15/12/2023;801.100000
18/12/2023;802.600000
19/12/2023;803.150000
20/12/2023;803.700000
21/12/2023;804.200000
22/12/2023;804.750000
26/12/2023;806.850000
27/12/2023;807.400000
28/12/2023;807.950000
29/12/2023;808.450000
02/01/2024;810.700000
03/01/2024;811.100000
04/01/2024;811.700000
05/01/2024;812.200000
08/01/2024;813.800000
09/01/2024;814.400000
10/01/2024;814.900000
11/01/2024;815.400000
12/01/2024;816.000000
15/01/2024;817.600000
16/01/2024;818.100000
17/01/2024;818.600000
18/01/2024;819.200000
19/01/2024;819.700000
22/01/2024;821.400000
23/01/2024;821.900000
24/01/2024;822.400000
25/01/2024;823.000000
26/01/2024;823.500000
29/01/2024;825.200000
30/01/2024;825.700000
31/01/2024;826.400000
01/02/2024;826.900000
02/02/2024;827.300000
05/02/2024;829.000000
06/02/2024;829.500000
07/02/2024;830.200000
08/02/2024;830.600000
09/02/2024;831.300000
14/02/2024;833.900000
15/02/2024;834.500000
16/02/2024;835.000000
19/02/2024;836.700000
20/02/2024;837.200000
21/02/2024;837.900000
22/02/2024;838.300000
23/02/2024;838.900000
26/02/2024;840.600000
27/02/2024;841.100000
28/02/2024;841.700000
29/02/2024;842.200000
01/03/2024;842.500000
04/03/2024;844.000000
05/03/2024;845.000000
06/03/2024;845.500000
07/03/2024;846.000000
08/03/2024;846.500000
11/03/2024;848.000000
12/03/2024;848.500000
13/03/2024;849.500000
14/03/2024;850.000000
15/03/2024;850.500000
18/03/2024;852.500000
19/03/2024;853.000000
20/03/2024;853.000000
21/03/2024;854.000000
22/03/2024;854.500000
25/03/2024;856.000000
26/03/2024;856.500000
27/03/2024;858.000000
03/04/2024;861.000000
04/04/2024;861.500000
05/04/2024;862.500000
08/04/2024;864.000000
09/04/2024;864.500000
10/04/2024;865.000000
11/04/2024;865.500000
12/04/2024;866.500000
15/04/2024;868.000000
16/04/2024;868.500000
17/04/2024;869.500000
18/04/2024;870.000000
19/04/2024;871.500000
22/04/2024;872.000000
23/04/2024;872.500000
24/04/2024;873.000000
25/04/2024;874.000000
26/04/2024;875.000000
29/04/2024;876.500000
30/04/2024;876.500000
02/05/2024;878.000000
03/05/2024;878.500000
06/05/2024;880.000000
07/05/2024;880.500000
08/05/2024;881.500000
09/05/2024;882.000000
10/05/2024;882.500000
13/05/2024;884.000000
14/05/2024;885.000000
15/05/2024;885.500000
16/05/2024;886.000000
17/05/2024;886.500000
20/05/2024;888.500000
21/05/2024;889.000000
22/05/2024;889.500000
23/05/2024;890.000000
24/05/2024;890.500000
27/05/2024;893.500000
28/05/2024;893.500000
29/05/2024;893.500000
30/05/2024;894.000000
31/05/2024;895.500000
03/06/2024;897.000000
04/06/2024;897.000000
05/06/2024;898.500000
06/06/2024;898.000000
07/06/2024;899.000000
10/06/2024;902.000000
11/06/2024;902.000000
12/06/2024;901.500000
13/06/2024;902.000000
14/06/2024;903.500000
18/06/2024;905.000000
19/06/2024;907.500000
24/06/2024;908.500000
25/06/2024;909.000000
26/06/2024;911.000000
27/06/2024;911.500000
28/06/2024;912.000000
01/07/2024;914.000000
02/07/2024;914.500000
03/07/2024;915.000000
04/07/2024;916.000000
05/07/2024;918.000000
08/07/2024;918.500000
10/07/2024;919.500000
11/07/2024;920.000000
12/07/2024;921.500000
15/07/2024;923.000000
16/07/2024;923.500000
17/07/2024;924.000000
18/07/2024;925.500000
19/07/2024;927.500000
22/07/2024;926.500000
23/07/2024;927.000000
24/07/2024;928.000000
25/07/2024;930.000000
26/07/2024;931.500000
29/07/2024;932.000000
30/07/2024;932.500000
31/07/2024;932.000000
01/08/2024;933.000000
02/08/2024;935.000000
05/08/2024;935.500000
06/08/2024;936.500000
07/08/2024;936.500000
08/08/2024;937.000000
09/08/2024;939.000000
12/08/2024;939.500000
13/08/2024;940.500000
14/08/2024;941.000000
15/08/2024;941.500000
16/08/2024;944.000000
19/08/2024;944.000000
20/08/2024;944.500000
21/08/2024;945.000000
22/08/2024;946.000000
23/08/2024;948.500000
26/08/2024;950.500000
27/08/2024;950.000000
28/08/2024;949.500000
29/08/2024;951.000000
30/08/2024;953.500000
02/09/2024;953.000000
03/09/2024;953.500000
04/09/2024;954.500000
05/09/2024;954.500000
06/09/2024;958.000000
09/09/2024;958.500000
10/09/2024;958.000000
11/09/2024;958.500000
12/09/2024;960.500000
13/09/2024;962.000000
16/09/2024;962.000000
17/09/2024;962.000000
18/09/2024;963.500000
19/09/2024;963.500000
20/09/2024;965.500000
23/09/2024;966.000000
24/09/2024;966.500000
25/09/2024;969.000000
26/09/2024;968.500000
27/09/2024;970.000000
30/09/2024;970.500000
01/10/2024;971.000000
02/10/2024;971.500000
03/10/2024;973.000000
04/10/2024;974.500000
07/10/2024;975.500000
08/10/2024;975.500000
09/10/2024;976.000000
10/10/2024;979.000000
14/10/2024;980.000000
15/10/2024;980.500000
16/10/2024;981.000000
17/10/2024;981.500000
18/10/2024;984.500000
21/10/2024;984.000000
22/10/2024;984.500000
23/10/2024;985.500000
24/10/2024;986.000000
25/10/2024;988.000000
28/10/2024;988.500000
29/10/2024;989.000000
30/10/2024;990.000000
31/10/2024;992.000000
01/11/2024;993.000000
04/11/2024;993.000000
05/11/2024;994.500000
07/11/2024;995.000000
08/11/2024;997.000000
11/11/2024;998.000000
12/11/2024;998.500000
13/11/2024;999.000000
14/11/2024;999.500000
15/11/2024;1002.500000
19/11/2024;1003.000000
20/11/2024;1003.500000
21/11/2024;1005.000000
22/11/2024;1007.000000
25/11/2024;1007.000000
26/11/2024;1008.000000
27/11/2024;1008.500000
28/11/2024;1009.000000
29/11/2024;1011.500000
02/12/2024;1012.500000
03/12/2024;1012.500000
04/12/2024;1013.000000
05/12/2024;1013.500000
06/12/2024;1015.500000
09/12/2024;1016.500000
10/12/2024;1017.000000
11/12/2024;1017.500000
12/12/2024;1019.000000
13/12/2024;1020.500000
16/12/2024;1022.500000
17/12/2024;1021.500000
18/12/2024;1022.500000
19/12/2024;1023.000000
20/12/2024;1025.000000
23/12/2024;1028.500000
26/12/2024;1029.500000
27/12/2024;1031.500000
30/12/2024;1032.000000
31/12/2024;1032.000000
02/01/2025;1032.500000
03/01/2025;1035.500000
06/01/2025;1035.500000
07/01/2025;1036.000000
08/01/2025;1036.500000
09/01/2025;1037.500000
10/01/2025;1039.500000
13/01/2025;1040.000000
14/01/2025;1041.000000
15/01/2025;1042.000000
16/01/2025;1042.000000
17/01/2025;1044.000000
20/01/2025;1046.500000
21/01/2025;1047.000000
22/01/2025;1048.000000
23/01/2025;1048.500000
24/01/2025;1049.000000
27/01/2025;1050.500000
28/01/2025;1051.000000
29/01/2025;1051.500000
30/01/2025;1052.000000
31/01/2025;1053.500000
03/02/2025;1054.250000
04/02/2025;1054.250000
05/02/2025;1054.500000
06/02/2025;1054.750000
07/02/2025;1055.750000
10/02/2025;1056.500000
11/02/2025;1056.500000
12/02/2025;1056.750000
13/02/2025;1057.750000
14/02/2025;1058.250000
17/02/2025;1059.250000
18/02/2025;1059.000000
19/02/2025;1059.250000
20/02/2025;1059.750000
21/02/2025;1060.750000
24/02/2025;1061.000000
25/02/2025;1061.500000
26/02/2025;1061.750000
27/02/2025;1062.250000
28/02/2025;1064.750000
05/03/2025;1064.250000
06/03/2025;1064.500000
07/03/2025;1066.500000
10/03/2025;1066.000000
11/03/2025;1066.500000
12/03/2025;1066.750000
13/03/2025;1067.000000
14/03/2025;1068.500000
17/03/2025;1068.500000
18/03/2025;1069.000000
19/03/2025;1069.750000
20/03/2025;1069.500000
21/03/2025;1071.500000
25/03/2025;1071.750000
26/03/2025;1071.750000
27/03/2025;1072.250000
28/03/2025;1073.500000
31/03/2025;1074.000000
01/04/2025;1074.750000
03/04/2025;1075.000000
04/04/2025;1076.000000
07/04/2025;1076.000000
08/04/2025;1076.250000
09/04/2025;1077.250000
10/04/2025;1077.000000
11/04/2025;1078.000000
14/04/2025;1198.000000
15/04/2025;1200.000000
16/04/2025;1135.000000
21/04/2025;1094.000000
22/04/2025;1104.000000
23/04/2025;1160.000000
24/04/2025;1174.000000
25/04/2025;1169.500000
28/04/2025;1178.000000
29/04/2025;1165.000000
30/04/2025;1170.000000
05/05/2025;1200.000000
06/05/2025;1194.000000
07/05/2025;1124.000000
08/05/2025;1114.000000
09/05/2025;1136.000000
12/05/2025;1132.000000
13/05/2025;1125.500000
14/05/2025;1132.000000
15/05/2025;1138.000000
16/05/2025;1142.000000
19/05/2025;1141.000000
20/05/2025;1142.500000
21/05/2025;1146.000000
22/05/2025;1135.500000
23/05/2025;1133.500000
26/05/2025;1143.000000
27/05/2025;1156.000000
28/05/2025;1160.000000
29/05/2025;1183.000000
30/05/2025;1188.000000
02/06/2025;1180.500000
03/06/2025;1184.000000
04/06/2025;1185.500000
05/06/2025;1191.000000
06/06/2025;1185.500000
09/06/2025;1185.000000
10/06/2025;1188.500000
11/06/2025;1182.000000
12/06/2025;1185.000000
13/06/2025;1182.000000
17/06/2025;1160.000000
18/06/2025;1142.500000
19/06/2025;1162.000000
23/06/2025;1171.000000
24/06/2025;1174.500000
25/06/2025;1191.500000
26/06/2025;1189.500000
27/06/2025;1189.000000
30/06/2025;1205.000000
01/07/2025;1222.000000
02/07/2025;1229.000000
03/07/2025;1231.000000
04/07/2025;1240.000000
07/07/2025;1264.000000
08/07/2025;1255.000000
10/07/2025;1255.000000
11/07/2025;1261.500000
14/07/2025;1280.000000
15/07/2025;1260.000000
16/07/2025;1261.000000
17/07/2025;1274.000000
18/07/2025;1286.000000
21/07/2025;1275.000000
22/07/2025;1256.500000
23/07/2025;1258.500000
24/07/2025;1272.000000
25/07/2025;1280.000000
28/07/2025;1295.000000
29/07/2025;1291.000000
30/07/2025;1315.000000
31/07/2025;1374.000000
01/08/2025;1364.000000
04/08/2025;1360.000000
05/08/2025;1338.500000
06/08/2025;1332.000000
07/08/2025;1326.500000
08/08/2025;1326.000000
11/08/2025;1322.000000
12/08/2025;1317.500000
13/08/2025;1313.000000
14/08/2025;1300.000000
18/08/2025;1293.000000
19/08/2025;1292.500000
20/08/2025;1301.000000
21/08/2025;1315.000000
22/08/2025;1321.000000
25/08/2025;1362.000000
26/08/2025;1356.500000
27/08/2025;1349.500000
28/08/2025;1333.000000
29/08/2025;1342.000000
01/09/2025;1372.000000
02/09/2025;1361.000000
03/09/2025;1361.500000
04/09/2025;1362.500000
05/09/2025;1355.000000
08/09/2025;1409.000000
09/09/2025;1416.500000
10/09/2025;1423.500000
11/09/2025;1432.000000
12/09/2025;1453.000000
15/09/2025;1467.000000
16/09/2025;1469.000000
17/09/2025;1474.500000
18/09/2025;1474.500000
19/09/2025;1475.000000
22/09/2025;1408.000000
23/09/2025;1369.000000
24/09/2025;1337.500000
25/09/2025;1337.000000
26/09/2025;1326.000000
29/09/2025;1360.000000
30/09/2025;1380.000000
01/10/2025;1423.000000
02/10/2025;1424.500000
03/10/2025;1424.500000
06/10/2025;1430.000000
07/10/2025;1429.500000
08/10/2025;1430.000000
09/10/2025;1420.000000
13/10/2025;1349.000000
14/10/2025;1360.000000
15/10/2025;1380.000000
16/10/2025;1402.000000
17/10/2025;1450.000000
20/10/2025;1475.000000
21/10/2025;1490.500000
22/10/2025;1489.000000
23/10/2025;1479.000000
24/10/2025;1492.000000
27/10/2025;1435.000000
28/10/2025;1470.000000
29/10/2025;1436.000000
30/10/2025;1438.000000
31/10/2025;1445.000000
03/11/2025;1482.000000
04/11/2025;1454.000000
05/11/2025;1452.000000
07/11/2025;1415.000000
10/11/2025;1420.500000
11/11/2025;1413.000000
12/11/2025;1412.000000
13/11/2025;1406.000000
14/11/2025;1403.000000
17/11/2025;1387.000000
18/11/2025;1400.000000
19/11/2025;1406.500000
20/11/2025;1425.000000
25/11/2025;1447.500000
26/11/2025;1453.500000
27/11/2025;1450.000000
28/11/2025;1451.500000
01/12/2025;1451.500000
02/12/2025;1455.000000
03/12/2025;1453.000000
04/12/2025;1444.000000
05/12/2025;1435.000000
09/12/2025;1442.000000
10/12/2025;1437.500000
11/12/2025;1436.000000
12/12/2025;1441.000000
15/12/2025;1438.500000
16/12/2025;1451.000000
17/12/2025;1451.000000
18/12/2025;1451.000000
19/12/2025;1450.000000
22/12/2025;1452.000000
23/12/2025;1451.000000
26/12/2025;1452.500000
29/12/2025;1457.000000
30/12/2025;1455.000000
31/12/2025;1455.000000
02/01/2026;1475.000000
05/01/2026;1470.000000
06/01/2026;1467.500000
07/01/2026;1460.000000
08/01/2026;1464.000000
09/01/2026;1465.000000
12/01/2026;1467.500000
13/01/2026;1457.000000
14/01/2026;1453.000000
15/01/2026;1441.000000
16/01/2026;1430.000000
19/01/2026;1434.500000
20/01/2026;1434.500000
21/01/2026;1430.500000
22/01/2026;1429.500000
23/01/2026;1433.000000
26/01/2026;1437.500000
27/01/2026;1442.500000
28/01/2026;1444.500000
29/01/2026;1444.500000
30/01/2026;1447.000000
02/02/2026;1451.000000
03/02/2026;1446.000000
04/02/2026;1447.500000
05/02/2026;1442.000000
06/02/2026;1432.000000
09/02/2026;1416.000000
10/02/2026;1406.000000
11/02/2026;1400.000000
12/02/2026;1395.000000
13/02/2026;1399.500000
18/02/2026;1396.000000
19/02/2026;1389.000000
20/02/2026;1376.000000
23/02/2026;1370.500000
24/02/2026;1380.500000
25/02/2026;1399.000000
26/02/2026;1408.000000
27/02/2026;1397.000000
02/03/2026;1395.000000
03/03/2026;1415.000000
04/03/2026;1400.500000
05/03/2026;1407.000000
06/03/2026;1416.000000
09/03/2026;1416.000000
10/03/2026;1400.000000
11/03/2026;1396.000000
12/03/2026;1394.500000
13/03/2026;1400.000000
16/03/2026;1396.000000
17/03/2026;1396.000000
18/03/2026;1394.000000
19/03/2026;1394.500000
20/03/2026;1390.500000
25/03/2026;1377.500000
26/03/2026;1368.000000
27/03/2026;1382.500000
30/03/2026;1398.000000
31/03/2026;1382.000000
01/04/2026;1394.000000
06/04/2026;1393.000000
07/04/2026;1392.500000
08/04/2026;1387.500000
09/04/2026;1381.000000
10/04/2026;1370.000000
13/04/2026;1354.000000
14/04/2026;1364.000000
15/04/2026;1359.000000
16/04/2026;1358.000000
17/04/2026;1364.500000
20/04/2026;1377.000000
21/04/2026;1375.500000
22/04/2026;1378.000000
23/04/2026;1392.000000
24/04/2026;1399.500000
27/04/2026;1417.000000
28/04/2026;1404.500000
29/04/2026;1391.500000
30/04/2026;1391.000000
04/05/2026;1402.500000
05/05/2026;1393.000000
06/05/2026;1388.000000
07/05/2026;1396.000000
08/05/2026;1398.000000
11/05/2026;1391.500000
12/05/2026;1384.000000
13/05/2026;1392.000000
14/05/2026;1391.000000
15/05/2026;1394.500000
18/05/2026;1397.000000
19/05/2026;1398.000000
20/05/2026;1397.000000
21/05/2026;1389.500000
22/05/2026;1403.000000
26/05/2026;1411.000000
27/05/2026;1412.500000
28/05/2026;1410.000000
29/05/2026;1408.000000
01/06/2026;1426.000000
02/06/2026;1427.000000
03/06/2026;1438.500000
04/06/2026;1436.500000
05/06/2026;1440.500000
08/06/2026;1446.500000
09/06/2026;1441.000000
10/06/2026;1432.500000
11/06/2026;1432.500000
12/06/2026;1428.000000
16/06/2026;1436.500000
17/06/2026;1441.500000
18/06/2026;1451.000000
19/06/2026;1461.000000
22/06/2026;1461.500000
23/06/2026;1471.500000
24/06/2026;1479.000000
25/06/2026;1477.000000
26/06/2026;1477.000000
29/06/2026;1481.500000
30/06/2026;1482.000000
01/07/2026;1489.000000
02/07/2026;1488.000000
03/07/2026;1488.500000
06/07/2026;1486.500000
07/07/2026;1492.000000
08/07/2026;1488.000000
13/07/2026;1482.000000
14/07/2026;1471.500000
15/07/2026;1474.500000
16/07/2026;1476.000000
17/07/2026;1478.000000
20/07/2026;1481.000000
21/07/2026;1477.500000
22/07/2026;1483.000000
23/07/2026;1489.000000
24/07/2026;1497.000000
27/07/2026;1497.000000
28/07/2026;1498.000000
29/07/2026;1496.000000
30/07/2026;1488.000000
31/07/2026;1485.000000
03/08/2026;1495.000000
04/08/2026;1496.000000
05/08/2026;1496.500000
06/08/2026;1499.500000
07/08/2026;1498.500000
10/08/2026;1495.500000
11/08/2026;1490.500000
12/08/2026;1491.500000
13/08/2026;1492.000000
14/08/2026;1487.500000
18/08/2026;1495.000000
19/08/2026;1497.000000
20/08/2026;1497.000000
21/08/2026;1499.000000
